BEGIN:VCALENDAR
PRODID:-//Google Inc//Google Calendar 70.9054//EN
VERSION:2.0
CALSCALE:GREGORIAN
METHOD:PUBLISH
X-WR-CALNAME:Feriados cristãos
X-WR-TIMEZONE:UTC
X-WR-CALDESC:Feriados cristãos
BEGIN:VEVENT
DTSTART;VALUE=DATE:20210106
DTEND;VALUE=DATE:20210107
DTSTAMP:20251122T192239Z
UID:20210106_h8j2ali4otp9jkb5r9vl004qa4@google.com
CLASS:PUBLIC
CREATED:20240530T081743Z
LAST-MODIFIED:20240530T081743Z
SEQUENCE:0
STATUS:CONFIRMED
SUMMARY:Epiphany
TRANSP:TRANSPARENT
END:VEVENT
BEGIN:VEVENT
DTSTART;VALUE=DATE:20210216
DTEND;VALUE=DATE:20210217
DTSTAMP:20251122T192239Z
UID:20210216_hkfp40nu7l9rttcemo4fl8914o@google.com
CLASS:PUBLIC
CREATED:20240530T081743Z
LAST-MODIFIED:20240530T081743Z
SEQUENCE:0
STATUS:CONFIRMED
SUMMARY:Shrove Tuesday/Mardi Gras
TRANSP:TRANSPARENT
END:VEVENT
BEGIN:VEVENT
DTSTART;VALUE=DATE:20210401
DTEND;VALUE=DATE:20210402
DTSTAMP:20251122T192239Z
UID:20210401_rvmbdtr3ro127ois87v3mhhra4@google.com
CLASS:PUBLIC
CREATED:20240530T081743Z
LAST-MODIFIED:20240530T081743Z
SEQUENCE:0
STATUS:CONFIRMED
SUMMARY:Maundy Thursday
TRANSP:TRANSPARENT
END:VEVENT
BEGIN:VEVENT
DTSTART;VALUE=DATE:20210402
DTEND;VALUE=DATE:20210403
DTSTAMP:20251122T192239Z
UID:20210402_ta6d85i4a6p7iji4mh6959gdt4@google.com
CLASS:PUBLIC
CREATED:20240530T081743Z
LAST-MODIFIED:20240530T081743Z
SEQUENCE:0
STATUS:CONFIRMED
SUMMARY:Good Friday
TRANSP:TRANSPARENT
END:VEVENT
BEGIN:VEVENT
DTSTART;VALUE=DATE:20210405
DTEND;VALUE=DATE:20210406
DTSTAMP:20251122T192239Z
UID:20210405_t7h0kboqa28fgj5usjsc368m88@google.com
CLASS:PUBLIC
CREATED:20240530T081743Z
LAST-MODIFIED:20240530T081743Z
SEQUENCE:0
STATUS:CONFIRMED
SUMMARY:Easter Monday
TRANSP:TRANSPARENT
END:VEVENT
BEGIN:VEVENT
DTSTART;VALUE=DATE:20211101
DTEND;VALUE=DATE:20211102
DTSTAMP:20251122T192239Z
UID:20211101_88ckq22q309573jhbt5ug1q5sg@google.com
CLASS:PUBLIC
CREATED:20240530T081743Z
LAST-MODIFIED:20240530T081743Z
SEQUENCE:0
STATUS:CONFIRMED
SUMMARY:All Saints' Day
TRANSP:TRANSPARENT
END:VEVENT
BEGIN:VEVENT
DTSTART;VALUE=DATE:20211224
DTEND;VALUE=DATE:20211225
DTSTAMP:20251122T192239Z
UID:20211224_7384hgpjkn28asdtr02oo2kfbg@google.com
CLASS:PUBLIC
CREATED:20240530T081743Z
LAST-MODIFIED:20240530T081743Z
SEQUENCE:0
STATUS:CONFIRMED
SUMMARY:Christmas Day (substitute)
TRANSP:TRANSPARENT
END:VEVENT
BEGIN:VEVENT
DTSTART;VALUE=DATE:20220106
DTEND;VALUE=DATE:20220107
DTSTAMP:20251122T192239Z
UID:20220106_i3ma5c4ujjv4udf3iaq1seamo0@google.com
CLASS:PUBLIC
CREATED:20240530T081743Z
LAST-MODIFIED:20240530T081743Z
SEQUENCE:0
STATUS:CONFIRMED
SUMMARY:Epiphany
TRANSP:TRANSPARENT
END:VEVENT
BEGIN:VEVENT
DTSTART;VALUE=DATE:20220410
DTEND;VALUE=DATE:20220411
DTSTAMP:20251122T192239Z
UID:20220410_ectsroq98ac0f1kchqff491ek4@google.com
CLASS:PUBLIC
CREATED:20240530T081743Z
LAST-MODIFIED:20240530T081743Z
SEQUENCE:0
STATUS:CONFIRMED
SUMMARY:Palm Sunday
TRANSP:TRANSPARENT
END:VEVENT
BEGIN:VEVENT
DTSTART;VALUE=DATE:20220616
DTEND;VALUE=DATE:20220617
DTSTAMP:20251122T192239Z
UID:20220616_grb5hriaijglv0c75f9e14mnuk@google.com
CLASS:PUBLIC
CREATED:20240530T081743Z
LAST-MODIFIED:20240530T081743Z
SEQUENCE:0
STATUS:CONFIRMED
SUMMARY:Corpus Christi
TRANSP:TRANSPARENT
END:VEVENT
BEGIN:VEVENT
DTSTART;VALUE=DATE:20230106
DTEND;VALUE=DATE:20230107
DTSTAMP:20251122T192239Z
UID:20230106_fvm1j97eedhopn9samjdc214cc@google.com
CLASS:PUBLIC
CREATED:20240530T081743Z
LAST-MODIFIED:20240530T081743Z
SEQUENCE:0
STATUS:CONFIRMED
SUMMARY:Epiphany
TRANSP:TRANSPARENT
END:VEVENT
BEGIN:VEVENT
DTSTART;VALUE=DATE:20230301
DTEND;VALUE=DATE:20230302
DTSTAMP:20251122T192239Z
UID:20230301_gitl9umvk6ba222u6mtg5mahtk@google.com
CLASS:PUBLIC
CREATED:20240530T081743Z
LAST-MODIFIED:20240530T081743Z
SEQUENCE:0
STATUS:CONFIRMED
SUMMARY:St. David's Day
TRANSP:TRANSPARENT
END:VEVENT
BEGIN:VEVENT
DTSTART;VALUE=DATE:20230402
DTEND;VALUE=DATE:20230403
DTSTAMP:20251122T192239Z
UID:20230402_2bck9uv70efou9asviqs8g402k@google.com
CLASS:PUBLIC
CREATED:20240530T081743Z
LAST-MODIFIED:20240530T081743Z
SEQUENCE:0
STATUS:CONFIRMED
SUMMARY:Palm Sunday
TRANSP:TRANSPARENT
END:VEVENT
BEGIN:VEVENT
DTSTART;VALUE=DATE:20230406
DTEND;VALUE=DATE:20230407
DTSTAMP:20251122T192239Z
UID:20230406_2ca52nqjclkstgjt4oil5r6k4o@google.com
CLASS:PUBLIC
CREATED:20240530T081743Z
LAST-MODIFIED:20240530T081743Z
SEQUENCE:0
STATUS:CONFIRMED
SUMMARY:Maundy Thursday
TRANSP:TRANSPARENT
END:VEVENT
BEGIN:VEVENT
DTSTART;VALUE=DATE:20230408
DTEND;VALUE=DATE:20230409
DTSTAMP:20251122T192239Z
UID:20230408_aupptbbebl58idcmkf28851re4@google.com
CLASS:PUBLIC
CREATED:20240530T081743Z
LAST-MODIFIED:20240530T081743Z
SEQUENCE:0
STATUS:CONFIRMED
SUMMARY:Holy Saturday
TRANSP:TRANSPARENT
END:VEVENT
BEGIN:VEVENT
DTSTART;VALUE=DATE:20230409
DTEND;VALUE=DATE:20230410
DTSTAMP:20251122T192239Z
UID:20230409_apbceei1dvcu4qtbqhirb68kg8@google.com
CLASS:PUBLIC
CREATED:20240530T081743Z
LAST-MODIFIED:20240530T081743Z
SEQUENCE:0
STATUS:CONFIRMED
SUMMARY:Easter Sunday
TRANSP:TRANSPARENT
END:VEVENT
BEGIN:VEVENT
DTSTART;VALUE=DATE:20230410
DTEND;VALUE=DATE:20230411
DTSTAMP:20251122T192239Z
UID:20230410_r84h2htbovi5kj1rroq7dal2nk@google.com
CLASS:PUBLIC
CREATED:20240530T081743Z
LAST-MODIFIED:20240530T081743Z
SEQUENCE:0
STATUS:CONFIRMED
SUMMARY:Easter Monday
TRANSP:TRANSPARENT
END:VEVENT
BEGIN:VEVENT
DTSTART;VALUE=DATE:20240301
DTEND;VALUE=DATE:20240302
DTSTAMP:20251122T192239Z
UID:20240301_e7tujeu33tj4an0sd13ru0q7ps@google.com
CLASS:PUBLIC
CREATED:20240530T081743Z
LAST-MODIFIED:20240530T081743Z
SEQUENCE:0
STATUS:CONFIRMED
SUMMARY:St. David's Day
TRANSP:TRANSPARENT
END:VEVENT
BEGIN:VEVENT
DTSTART;VALUE=DATE:20240329
DTEND;VALUE=DATE:20240330
DTSTAMP:20251122T192239Z
UID:20240329_5rp9u356v5d1k0aop1o3a6kg48@google.com
CLASS:PUBLIC
CREATED:20240530T081743Z
LAST-MODIFIED:20240530T081743Z
SEQUENCE:0
STATUS:CONFIRMED
SUMMARY:Good Friday
TRANSP:TRANSPARENT
END:VEVENT
BEGIN:VEVENT
DTSTART;VALUE=DATE:20240530
DTEND;VALUE=DATE:20240531
DTSTAMP:20251122T192239Z
UID:20240530_a34n724e94eni15k5fivi1h05s@google.com
CLASS:PUBLIC
CREATED:20240530T081743Z
LAST-MODIFIED:20240530T081743Z
SEQUENCE:0
STATUS:CONFIRMED
SUMMARY:Corpus Christi
TRANSP:TRANSPARENT
END:VEVENT
BEGIN:VEVENT
DTSTART;VALUE=DATE:20241004
DTEND;VALUE=DATE:20241005
DTSTAMP:20251122T192239Z
UID:20241004_6b0sl57ofcnp19tjhkf2997nv4@google.com
CLASS:PUBLIC
CREATED:20240530T081743Z
LAST-MODIFIED:20240530T081743Z
SEQUENCE:0
STATUS:CONFIRMED
SUMMARY:Feast of St Francis of Assisi
TRANSP:TRANSPARENT
END:VEVENT
BEGIN:VEVENT
DTSTART;VALUE=DATE:20241224
DTEND;VALUE=DATE:20241225
DTSTAMP:20251122T192239Z
UID:20241224_a9qiud2c9efnhh647ota10mdjs@google.com
CLASS:PUBLIC
CREATED:20240530T081743Z
LAST-MODIFIED:20240530T081743Z
SEQUENCE:0
STATUS:CONFIRMED
SUMMARY:Christmas Eve
TRANSP:TRANSPARENT
END:VEVENT
BEGIN:VEVENT
DTSTART;VALUE=DATE:20250304
DTEND;VALUE=DATE:20250305
DTSTAMP:20251122T192239Z
UID:20250304_lb0nio8moduf96oft5t359796s@google.com
CLASS:PUBLIC
CREATED:20240530T081743Z
LAST-MODIFIED:20240530T081743Z
SEQUENCE:0
STATUS:CONFIRMED
SUMMARY:Shrove Tuesday/Mardi Gras
TRANSP:TRANSPARENT
END:VEVENT
BEGIN:VEVENT
DTSTART;VALUE=DATE:20250417
DTEND;VALUE=DATE:20250418
DTSTAMP:20251122T192239Z
UID:20250417_op7i6ftmdj6pfaa8ve0576dfnk@google.com
CLASS:PUBLIC
CREATED:20240530T081743Z
LAST-MODIFIED:20240530T081743Z
SEQUENCE:0
STATUS:CONFIRMED
SUMMARY:Maundy Thursday
TRANSP:TRANSPARENT
END:VEVENT
BEGIN:VEVENT
DTSTART;VALUE=DATE:20250421
DTEND;VALUE=DATE:20250422
DTSTAMP:20251122T192239Z
UID:20250421_rrtbiu15kmroubjnh8vrh5cumo@google.com
CLASS:PUBLIC
CREATED:20240530T081743Z
LAST-MODIFIED:20240530T081743Z
SEQUENCE:0
STATUS:CONFIRMED
SUMMARY:Easter Monday
TRANSP:TRANSPARENT
END:VEVENT
BEGIN:VEVENT
DTSTART;VALUE=DATE:20250529
DTEND;VALUE=DATE:20250530
DTSTAMP:20251122T192239Z
UID:20250529_r5kcv9ggdnklcq2q35k3kiueog@google.com
CLASS:PUBLIC
CREATED:20240530T081743Z
LAST-MODIFIED:20240530T081743Z
SEQUENCE:0
STATUS:CONFIRMED
SUMMARY:Ascension Day
TRANSP:TRANSPARENT
END:VEVENT
BEGIN:VEVENT
DTSTART;VALUE=DATE:20250615
DTEND;VALUE=DATE:20250616
DTSTAMP:20251122T192239Z
UID:20250615_ssth4c1upn0og839mn5bpaavg8@google.com
CLASS:PUBLIC
CREATED:20240530T081743Z
LAST-MODIFIED:20240530T081743Z
SEQUENCE:0
STATUS:CONFIRMED
SUMMARY:Trinity Sunday
TRANSP:TRANSPARENT
END:VEVENT
BEGIN:VEVENT
DTSTART;VALUE=DATE:20251101
DTEND;VALUE=DATE:20251102
DTSTAMP:20251122T192239Z
UID:20251101_6qkr9s016n2mrt6pgdp3ml61c4@google.com
CLASS:PUBLIC
CREATED:20240530T081743Z
LAST-MODIFIED:20240530T081743Z
SEQUENCE:0
STATUS:CONFIRMED
SUMMARY:All Saints' Day
TRANSP:TRANSPARENT
END:VEVENT
BEGIN:VEVENT
DTSTART;VALUE=DATE:20251102
DTEND;VALUE=DATE:20251103
DTSTAMP:20251122T192239Z
UID:20251102_o1raceo54jf0bt58729itmv2uc@google.com
CLASS:PUBLIC
CREATED:20240530T081743Z
LAST-MODIFIED:20240530T081743Z
SEQUENCE:0
STATUS:CONFIRMED
SUMMARY:All Souls' Day
TRANSP:TRANSPARENT
END:VEVENT
BEGIN:VEVENT
DTSTART;VALUE=DATE:20251224
DTEND;VALUE=DATE:20251225
DTSTAMP:20251122T192239Z
UID:20251224_unjni8cdlisenbd0bjldklmvig@google.com
CLASS:PUBLIC
CREATED:20240530T081743Z
LAST-MODIFIED:20240530T081743Z
SEQUENCE:0
STATUS:CONFIRMED
SUMMARY:Christmas Eve
TRANSP:TRANSPARENT
END:VEVENT
BEGIN:VEVENT
DTSTART;VALUE=DATE:20251225
DTEND;VALUE=DATE:20251226
DTSTAMP:20251122T192239Z
UID:20251225_o6rssdvd110h7ueds4iqt06k0c@google.com
CLASS:PUBLIC
CREATED:20240530T081743Z
LAST-MODIFIED:20240530T081743Z
SEQUENCE:0
STATUS:CONFIRMED
SUMMARY:Christmas Day
TRANSP:TRANSPARENT
END:VEVENT
BEGIN:VEVENT
DTSTART;VALUE=DATE:20260217
DTEND;VALUE=DATE:20260218
DTSTAMP:20251122T192239Z
UID:20260217_rlj1linobufcvtcvmgvi9s6qb0@google.com
CLASS:PUBLIC
CREATED:20240530T081743Z
LAST-MODIFIED:20240530T081743Z
SEQUENCE:0
STATUS:CONFIRMED
SUMMARY:Shrove Tuesday/Mardi Gras
TRANSP:TRANSPARENT
END:VEVENT
BEGIN:VEVENT
DTSTART;VALUE=DATE:20260301
DTEND;VALUE=DATE:20260302
DTSTAMP:20251122T192239Z
UID:20260301_6qa9k8hak6sm5m2cnajo9da3nk@google.com
CLASS:PUBLIC
CREATED:20240530T081743Z
LAST-MODIFIED:20240530T081743Z
SEQUENCE:0
STATUS:CONFIRMED
SUMMARY:St. David's Day
TRANSP:TRANSPARENT
END:VEVENT
BEGIN:VEVENT
DTSTART;VALUE=DATE:20260317
DTEND;VALUE=DATE:20260318
DTSTAMP:20251122T192239Z
UID:20260317_3i7q64kefs55nsoh1qikt4t3o4@google.com
CLASS:PUBLIC
CREATED:20240530T081743Z
LAST-MODIFIED:20240530T081743Z
SEQUENCE:0
STATUS:CONFIRMED
SUMMARY:St. Patrick's Day
TRANSP:TRANSPARENT
END:VEVENT
BEGIN:VEVENT
DTSTART;VALUE=DATE:20260329
DTEND;VALUE=DATE:20260330
DTSTAMP:20251122T192239Z
UID:20260329_cfmjdaltrlqt59na75r9rfmgvc@google.com
CLASS:PUBLIC
CREATED:20240530T081743Z
LAST-MODIFIED:20240530T081743Z
SEQUENCE:0
STATUS:CONFIRMED
SUMMARY:Palm Sunday
TRANSP:TRANSPARENT
END:VEVENT
BEGIN:VEVENT
DTSTART;VALUE=DATE:20260514
DTEND;VALUE=DATE:20260515
DTSTAMP:20251122T192239Z
UID:20260514_ennchjvu584gtecqkf51lqrmgs@google.com
CLASS:PUBLIC
CREATED:20240530T081743Z
LAST-MODIFIED:20240530T081743Z
SEQUENCE:0
STATUS:CONFIRMED
SUMMARY:Ascension Day
TRANSP:TRANSPARENT
END:VEVENT
BEGIN:VEVENT
DTSTART;VALUE=DATE:20260524
DTEND;VALUE=DATE:20260525
DTSTAMP:20251122T192239Z
UID:20260524_9b10rdcepklopfroirotpgamf0@google.com
CLASS:PUBLIC
CREATED:20240530T081743Z
LAST-MODIFIED:20240530T081743Z
SEQUENCE:0
STATUS:CONFIRMED
SUMMARY:Pentecost
TRANSP:TRANSPARENT
END:VEVENT
BEGIN:VEVENT
DTSTART;VALUE=DATE:20270328
DTEND;VALUE=DATE:20270329
DTSTAMP:20251122T192239Z
UID:20270328_c7cjargsbie8jcslhkcngo5t5g@google.com
CLASS:PUBLIC
CREATED:20240530T081743Z
LAST-MODIFIED:20240530T081743Z
SEQUENCE:0
STATUS:CONFIRMED
SUMMARY:Easter Sunday
TRANSP:TRANSPARENT
END:VEVENT
BEGIN:VEVENT
DTSTART;VALUE=DATE:20271224
DTEND;VALUE=DATE:20271225
DTSTAMP:20251122T192239Z
UID:20271224_0q58s40s6abal2qn0rfvub2hm0@google.com
CLASS:PUBLIC
CREATED:20240530T081743Z
LAST-MODIFIED:20240530T081743Z
SEQUENCE:0
STATUS:CONFIRMED
SUMMARY:Christmas Day (substitute)
TRANSP:TRANSPARENT
END:VEVENT
BEGIN:VEVENT
DTSTART;VALUE=DATE:20271225
DTEND;VALUE=DATE:20271226
DTSTAMP:20251122T192239Z
UID:20271225_1dj90dcq41ur7ut620kkergtik@google.com
CLASS:PUBLIC
CREATED:20240530T081743Z
LAST-MODIFIED:20240530T081743Z
SEQUENCE:0
STATUS:CONFIRMED
SUMMARY:Christmas Day
TRANSP:TRANSPARENT
END:VEVENT
BEGIN:VEVENT
DTSTART;VALUE=DATE:20280106
DTEND;VALUE=DATE:20280107
DTSTAMP:20251122T192239Z
UID:20280106_7lgfrteubi5mibf3vkvsnlkt4g@google.com
CLASS:PUBLIC
CREATED:20240530T081743Z
LAST-MODIFIED:20240530T081743Z
SEQUENCE:0
STATUS:CONFIRMED
SUMMARY:Epiphany
TRANSP:TRANSPARENT
END:VEVENT
BEGIN:VEVENT
DTSTART;VALUE=DATE:20280229
DTEND;VALUE=DATE:20280301
DTSTAMP:20251122T192239Z
UID:20280229_4cf01ciqif9n0pp97bfnm8jke8@google.com
CLASS:PUBLIC
CREATED:20240530T081743Z
LAST-MODIFIED:20240530T081743Z
SEQUENCE:0
STATUS:CONFIRMED
SUMMARY:Shrove Tuesday/Mardi Gras
TRANSP:TRANSPARENT
END:VEVENT
BEGIN:VEVENT
DTSTART;VALUE=DATE:20280414
DTEND;VALUE=DATE:20280415
DTSTAMP:20251122T192239Z
UID:20280414_edm1ag907ai1kfm18kcdfkqkuo@google.com
CLASS:PUBLIC
CREATED:20240530T081743Z
LAST-MODIFIED:20240530T081743Z
SEQUENCE:0
STATUS:CONFIRMED
SUMMARY:Good Friday
TRANSP:TRANSPARENT
END:VEVENT
BEGIN:VEVENT
DTSTART;VALUE=DATE:20280417
DTEND;VALUE=DATE:20280418
DTSTAMP:20251122T192239Z
UID:20280417_gck8anrulhfhbq87oq5cvbdidk@google.com
CLASS:PUBLIC
CREATED:20240530T081743Z
LAST-MODIFIED:20240530T081743Z
SEQUENCE:0
STATUS:CONFIRMED
SUMMARY:Easter Monday
TRANSP:TRANSPARENT
END:VEVENT
BEGIN:VEVENT
DTSTART;VALUE=DATE:20290521
DTEND;VALUE=DATE:20290522
DTSTAMP:20251122T192239Z
UID:20290521_t0kedkmn7fik7caug33ktf4u3k@google.com
CLASS:PUBLIC
CREATED:20240530T081743Z
LAST-MODIFIED:20240530T081743Z
SEQUENCE:0
STATUS:CONFIRMED
SUMMARY:Whit Monday
TRANSP:TRANSPARENT
END:VEVENT
BEGIN:VEVENT
DTSTART;VALUE=DATE:20290815
DTEND;VALUE=DATE:20290816
DTSTAMP:20251122T192239Z
UID:20290815_0ogofq0tvmdbhm6pjot5qe695c@google.com
CLASS:PUBLIC
CREATED:20240530T081743Z
LAST-MODIFIED:20240530T081743Z
SEQUENCE:0
STATUS:CONFIRMED
SUMMARY:Assumption of Mary
TRANSP:TRANSPARENT
END:VEVENT
BEGIN:VEVENT
DTSTART;VALUE=DATE:20291224
DTEND;VALUE=DATE:20291225
DTSTAMP:20251122T192239Z
UID:20291224_cqce0th7fn9vld8kunhd2egtd8@google.com
CLASS:PUBLIC
CREATED:20240530T081743Z
LAST-MODIFIED:20240530T081743Z
SEQUENCE:0
STATUS:CONFIRMED
SUMMARY:Christmas Eve
TRANSP:TRANSPARENT
END:VEVENT
BEGIN:VEVENT
DTSTART;VALUE=DATE:20200226
DTEND;VALUE=DATE:20200227
DTSTAMP:20251122T192239Z
UID:20200226_64e640a1tsusas8bdmoc9d9gu8@google.com
CLASS:PUBLIC
CREATED:20240530T081802Z
LAST-MODIFIED:20240530T081802Z
SEQUENCE:0
STATUS:CONFIRMED
SUMMARY:Ash Wednesday
TRANSP:TRANSPARENT
END:VEVENT
BEGIN:VEVENT
DTSTART;VALUE=DATE:20200607
DTEND;VALUE=DATE:20200608
DTSTAMP:20251122T192239Z
UID:20200607_6ven7jfkj8v5hu3du0sq9oget8@google.com
CLASS:PUBLIC
CREATED:20240530T081802Z
LAST-MODIFIED:20240530T081802Z
SEQUENCE:0
STATUS:CONFIRMED
SUMMARY:Trinity Sunday
TRANSP:TRANSPARENT
END:VEVENT
BEGIN:VEVENT
DTSTART;VALUE=DATE:20200611
DTEND;VALUE=DATE:20200612
DTSTAMP:20251122T192239Z
UID:20200611_9h7ld7693djh5bf47hogm6uu00@google.com
CLASS:PUBLIC
CREATED:20240530T081802Z
LAST-MODIFIED:20240530T081802Z
SEQUENCE:0
STATUS:CONFIRMED
SUMMARY:Corpus Christi
TRANSP:TRANSPARENT
END:VEVENT
BEGIN:VEVENT
DTSTART;VALUE=DATE:20201101
DTEND;VALUE=DATE:20201102
DTSTAMP:20251122T192239Z
UID:20201101_k54jdpfqak8u638mh8gj440g78@google.com
CLASS:PUBLIC
CREATED:20240530T081802Z
LAST-MODIFIED:20240530T081802Z
SEQUENCE:0
STATUS:CONFIRMED
SUMMARY:All Saints' Day
TRANSP:TRANSPARENT
END:VEVENT
BEGIN:VEVENT
DTSTART;VALUE=DATE:20210317
DTEND;VALUE=DATE:20210318
DTSTAMP:20251122T192239Z
UID:20210317_trnb01rlcu2vfumgk6rrde12b8@google.com
CLASS:PUBLIC
CREATED:20240530T081802Z
LAST-MODIFIED:20240530T081802Z
SEQUENCE:0
STATUS:CONFIRMED
SUMMARY:St. Patrick's Day
TRANSP:TRANSPARENT
END:VEVENT
BEGIN:VEVENT
DTSTART;VALUE=DATE:20210404
DTEND;VALUE=DATE:20210405
DTSTAMP:20251122T192239Z
UID:20210404_7mll93gkllotacjb5itps6v53g@google.com
CLASS:PUBLIC
CREATED:20240530T081802Z
LAST-MODIFIED:20240530T081802Z
SEQUENCE:0
STATUS:CONFIRMED
SUMMARY:Easter Sunday
TRANSP:TRANSPARENT
END:VEVENT
BEGIN:VEVENT
DTSTART;VALUE=DATE:20210603
DTEND;VALUE=DATE:20210604
DTSTAMP:20251122T192239Z
UID:20210603_ten87i39e45jvbor732us2eo18@google.com
CLASS:PUBLIC
CREATED:20240530T081802Z
LAST-MODIFIED:20240530T081802Z
SEQUENCE:0
STATUS:CONFIRMED
SUMMARY:Corpus Christi
TRANSP:TRANSPARENT
END:VEVENT
BEGIN:VEVENT
DTSTART;VALUE=DATE:20211004
DTEND;VALUE=DATE:20211005
DTSTAMP:20251122T192239Z
UID:20211004_rvg9qrn1plrl0vi8vouegihsvc@google.com
CLASS:PUBLIC
CREATED:20240530T081802Z
LAST-MODIFIED:20240530T081802Z
SEQUENCE:0
STATUS:CONFIRMED
SUMMARY:Feast of St Francis of Assisi
TRANSP:TRANSPARENT
END:VEVENT
BEGIN:VEVENT
DTSTART;VALUE=DATE:20220418
DTEND;VALUE=DATE:20220419
DTSTAMP:20251122T192239Z
UID:20220418_tbdp2jc9eqeg02dpatbi2dafr0@google.com
CLASS:PUBLIC
CREATED:20240530T081802Z
LAST-MODIFIED:20240530T081802Z
SEQUENCE:0
STATUS:CONFIRMED
SUMMARY:Easter Monday
TRANSP:TRANSPARENT
END:VEVENT
BEGIN:VEVENT
DTSTART;VALUE=DATE:20220605
DTEND;VALUE=DATE:20220606
DTSTAMP:20251122T192239Z
UID:20220605_ttfuc5sd3o9aeln6gnk2srch5s@google.com
CLASS:PUBLIC
CREATED:20240530T081802Z
LAST-MODIFIED:20240530T081802Z
SEQUENCE:0
STATUS:CONFIRMED
SUMMARY:Pentecost
TRANSP:TRANSPARENT
END:VEVENT
BEGIN:VEVENT
DTSTART;VALUE=DATE:20221212
DTEND;VALUE=DATE:20221213
DTSTAMP:20251122T192239Z
UID:20221212_n1gur26dasfmin29rff5al8314@google.com
CLASS:PUBLIC
CREATED:20240530T081802Z
LAST-MODIFIED:20240530T081802Z
SEQUENCE:0
STATUS:CONFIRMED
SUMMARY:Feast of Our Lady of Guadalupe
TRANSP:TRANSPARENT
END:VEVENT
BEGIN:VEVENT
DTSTART;VALUE=DATE:20221226
DTEND;VALUE=DATE:20221227
DTSTAMP:20251122T192239Z
UID:20221226_802gpi08b27v2cqlec1r7ut0gg@google.com
CLASS:PUBLIC
CREATED:20240530T081802Z
LAST-MODIFIED:20240530T081802Z
SEQUENCE:0
STATUS:CONFIRMED
SUMMARY:Christmas Day (substitute)
TRANSP:TRANSPARENT
END:VEVENT
BEGIN:VEVENT
DTSTART;VALUE=DATE:20230222
DTEND;VALUE=DATE:20230223
DTSTAMP:20251122T192239Z
UID:20230222_jp0ersg5a3ad8f55pn3ffs35i4@google.com
CLASS:PUBLIC
CREATED:20240530T081802Z
LAST-MODIFIED:20240530T081802Z
SEQUENCE:0
STATUS:CONFIRMED
SUMMARY:Ash Wednesday
TRANSP:TRANSPARENT
END:VEVENT
BEGIN:VEVENT
DTSTART;VALUE=DATE:20230815
DTEND;VALUE=DATE:20230816
DTSTAMP:20251122T192239Z
UID:20230815_50prns7mltvfe9771ercrsjle4@google.com
CLASS:PUBLIC
CREATED:20240530T081802Z
LAST-MODIFIED:20240530T081802Z
SEQUENCE:0
STATUS:CONFIRMED
SUMMARY:Assumption of Mary
TRANSP:TRANSPARENT
END:VEVENT
BEGIN:VEVENT
DTSTART;VALUE=DATE:20231004
DTEND;VALUE=DATE:20231005
DTSTAMP:20251122T192239Z
UID:20231004_metlvd6219sfbkoffjl01tdgno@google.com
CLASS:PUBLIC
CREATED:20240530T081802Z
LAST-MODIFIED:20240530T081802Z
SEQUENCE:0
STATUS:CONFIRMED
SUMMARY:Feast of St Francis of Assisi
TRANSP:TRANSPARENT
END:VEVENT
BEGIN:VEVENT
DTSTART;VALUE=DATE:20231102
DTEND;VALUE=DATE:20231103
DTSTAMP:20251122T192239Z
UID:20231102_lfqqrvcnnu2gn95u553pa5elvs@google.com
CLASS:PUBLIC
CREATED:20240530T081802Z
LAST-MODIFIED:20240530T081802Z
SEQUENCE:0
STATUS:CONFIRMED
SUMMARY:All Souls' Day
TRANSP:TRANSPARENT
END:VEVENT
BEGIN:VEVENT
DTSTART;VALUE=DATE:20240106
DTEND;VALUE=DATE:20240107
DTSTAMP:20251122T192239Z
UID:20240106_a5m5h7on4gtge9hv2kjejoqkk8@google.com
CLASS:PUBLIC
CREATED:20240530T081802Z
LAST-MODIFIED:20240530T081802Z
SEQUENCE:0
STATUS:CONFIRMED
SUMMARY:Epiphany
TRANSP:TRANSPARENT
END:VEVENT
BEGIN:VEVENT
DTSTART;VALUE=DATE:20240317
DTEND;VALUE=DATE:20240318
DTSTAMP:20251122T192239Z
UID:20240317_0cs937t1v7ho5j81rl1pnuhoag@google.com
CLASS:PUBLIC
CREATED:20240530T081802Z
LAST-MODIFIED:20240530T081802Z
SEQUENCE:0
STATUS:CONFIRMED
SUMMARY:St. Patrick's Day
TRANSP:TRANSPARENT
END:VEVENT
BEGIN:VEVENT
DTSTART;VALUE=DATE:20240324
DTEND;VALUE=DATE:20240325
DTSTAMP:20251122T192239Z
UID:20240324_g52ln4251hkqj1s0lp7g38ffuc@google.com
CLASS:PUBLIC
CREATED:20240530T081802Z
LAST-MODIFIED:20240530T081802Z
SEQUENCE:0
STATUS:CONFIRMED
SUMMARY:Palm Sunday
TRANSP:TRANSPARENT
END:VEVENT
BEGIN:VEVENT
DTSTART;VALUE=DATE:20240331
DTEND;VALUE=DATE:20240401
DTSTAMP:20251122T192239Z
UID:20240331_b9tlpd4r33svgr5s76doftf7n8@google.com
CLASS:PUBLIC
CREATED:20240530T081802Z
LAST-MODIFIED:20240530T081802Z
SEQUENCE:0
STATUS:CONFIRMED
SUMMARY:Easter Sunday
TRANSP:TRANSPARENT
END:VEVENT
BEGIN:VEVENT
DTSTART;VALUE=DATE:20241225
DTEND;VALUE=DATE:20241226
DTSTAMP:20251122T192239Z
UID:20241225_1j5g01qvouj80cubb8518mbej8@google.com
CLASS:PUBLIC
CREATED:20240530T081802Z
LAST-MODIFIED:20240530T081802Z
SEQUENCE:0
STATUS:CONFIRMED
SUMMARY:Christmas Day
TRANSP:TRANSPARENT
END:VEVENT
BEGIN:VEVENT
DTSTART;VALUE=DATE:20250420
DTEND;VALUE=DATE:20250421
DTSTAMP:20251122T192239Z
UID:20250420_us0u7j1ulthlk4jjqbhiv0ok9c@google.com
CLASS:PUBLIC
CREATED:20240530T081802Z
LAST-MODIFIED:20240530T081802Z
SEQUENCE:0
STATUS:CONFIRMED
SUMMARY:Easter Sunday
TRANSP:TRANSPARENT
END:VEVENT
BEGIN:VEVENT
DTSTART;VALUE=DATE:20250609
DTEND;VALUE=DATE:20250610
DTSTAMP:20251122T192239Z
UID:20250609_qi8aogskl3bha29vulpp3anilo@google.com
CLASS:PUBLIC
CREATED:20240530T081802Z
LAST-MODIFIED:20240530T081802Z
SEQUENCE:0
STATUS:CONFIRMED
SUMMARY:Whit Monday
TRANSP:TRANSPARENT
END:VEVENT
BEGIN:VEVENT
DTSTART;VALUE=DATE:20250815
DTEND;VALUE=DATE:20250816
DTSTAMP:20251122T192239Z
UID:20250815_2phl8r15j48gkpdt0su4ncbi3g@google.com
CLASS:PUBLIC
CREATED:20240530T081802Z
LAST-MODIFIED:20240530T081802Z
SEQUENCE:0
STATUS:CONFIRMED
SUMMARY:Assumption of Mary
TRANSP:TRANSPARENT
END:VEVENT
BEGIN:VEVENT
DTSTART;VALUE=DATE:20260525
DTEND;VALUE=DATE:20260526
DTSTAMP:20251122T192239Z
UID:20260525_jpjdr12hq5i8f9510150tl42l4@google.com
CLASS:PUBLIC
CREATED:20240530T081802Z
LAST-MODIFIED:20240530T081802Z
SEQUENCE:0
STATUS:CONFIRMED
SUMMARY:Whit Monday
TRANSP:TRANSPARENT
END:VEVENT
BEGIN:VEVENT
DTSTART;VALUE=DATE:20260815
DTEND;VALUE=DATE:20260816
DTSTAMP:20251122T192239Z
UID:20260815_mf51f0il75rckgabs02khhng7g@google.com
CLASS:PUBLIC
CREATED:20240530T081802Z
LAST-MODIFIED:20240530T081802Z
SEQUENCE:0
STATUS:CONFIRMED
SUMMARY:Assumption of Mary
TRANSP:TRANSPARENT
END:VEVENT
BEGIN:VEVENT
DTSTART;VALUE=DATE:20261208
DTEND;VALUE=DATE:20261209
DTSTAMP:20251122T192239Z
UID:20261208_gvdcd9enlqlj2bj3kdbt1s1f2o@google.com
CLASS:PUBLIC
CREATED:20240530T081802Z
LAST-MODIFIED:20240530T081802Z
SEQUENCE:0
STATUS:CONFIRMED
SUMMARY:Feast of the Immaculate Conception
TRANSP:TRANSPARENT
END:VEVENT
BEGIN:VEVENT
DTSTART;VALUE=DATE:20261224
DTEND;VALUE=DATE:20261225
DTSTAMP:20251122T192239Z
UID:20261224_5ovjtun4hqt301qm6do2994r7c@google.com
CLASS:PUBLIC
CREATED:20240530T081802Z
LAST-MODIFIED:20240530T081802Z
SEQUENCE:0
STATUS:CONFIRMED
SUMMARY:Christmas Eve
TRANSP:TRANSPARENT
END:VEVENT
BEGIN:VEVENT
DTSTART;VALUE=DATE:20270321
DTEND;VALUE=DATE:20270322
DTSTAMP:20251122T192239Z
UID:20270321_dfabjros8fvr4mj1ttqfbc5djg@google.com
CLASS:PUBLIC
CREATED:20240530T081802Z
LAST-MODIFIED:20240530T081802Z
SEQUENCE:0
STATUS:CONFIRMED
SUMMARY:Palm Sunday
TRANSP:TRANSPARENT
END:VEVENT
BEGIN:VEVENT
DTSTART;VALUE=DATE:20270326
DTEND;VALUE=DATE:20270327
DTSTAMP:20251122T192239Z
UID:20270326_if9tl49bf6t1efn0pbs2elpjkk@google.com
CLASS:PUBLIC
CREATED:20240530T081802Z
LAST-MODIFIED:20240530T081802Z
SEQUENCE:0
STATUS:CONFIRMED
SUMMARY:Good Friday
TRANSP:TRANSPARENT
END:VEVENT
BEGIN:VEVENT
DTSTART;VALUE=DATE:20270327
DTEND;VALUE=DATE:20270328
DTSTAMP:20251122T192239Z
UID:20270327_77mdu4ovva71pqoa51d87n3s5o@google.com
CLASS:PUBLIC
CREATED:20240530T081802Z
LAST-MODIFIED:20240530T081802Z
SEQUENCE:0
STATUS:CONFIRMED
SUMMARY:Holy Saturday
TRANSP:TRANSPARENT
END:VEVENT
BEGIN:VEVENT
DTSTART;VALUE=DATE:20270506
DTEND;VALUE=DATE:20270507
DTSTAMP:20251122T192239Z
UID:20270506_9n3ajmqd2eum5qi8cf13q1k4s8@google.com
CLASS:PUBLIC
CREATED:20240530T081802Z
LAST-MODIFIED:20240530T081802Z
SEQUENCE:0
STATUS:CONFIRMED
SUMMARY:Ascension Day
TRANSP:TRANSPARENT
END:VEVENT
BEGIN:VEVENT
DTSTART;VALUE=DATE:20270523
DTEND;VALUE=DATE:20270524
DTSTAMP:20251122T192239Z
UID:20270523_h03jj3bdllp5pqkhvgrjvmcoa0@google.com
CLASS:PUBLIC
CREATED:20240530T081802Z
LAST-MODIFIED:20240530T081802Z
SEQUENCE:0
STATUS:CONFIRMED
SUMMARY:Trinity Sunday
TRANSP:TRANSPARENT
END:VEVENT
BEGIN:VEVENT
DTSTART;VALUE=DATE:20270815
DTEND;VALUE=DATE:20270816
DTSTAMP:20251122T192239Z
UID:20270815_97rfn42ipbuigfgdgf8bic9bcg@google.com
CLASS:PUBLIC
CREATED:20240530T081802Z
LAST-MODIFIED:20240530T081802Z
SEQUENCE:0
STATUS:CONFIRMED
SUMMARY:Assumption of Mary
TRANSP:TRANSPARENT
END:VEVENT
BEGIN:VEVENT
DTSTART;VALUE=DATE:20271212
DTEND;VALUE=DATE:20271213
DTSTAMP:20251122T192239Z
UID:20271212_2n3i834us13329ae1d0g3g4ln8@google.com
CLASS:PUBLIC
CREATED:20240530T081802Z
LAST-MODIFIED:20240530T081802Z
SEQUENCE:0
STATUS:CONFIRMED
SUMMARY:Feast of Our Lady of Guadalupe
TRANSP:TRANSPARENT
END:VEVENT
BEGIN:VEVENT
DTSTART;VALUE=DATE:20280409
DTEND;VALUE=DATE:20280410
DTSTAMP:20251122T192239Z
UID:20280409_44n797o34j30juapjemdvumb4g@google.com
CLASS:PUBLIC
CREATED:20240530T081802Z
LAST-MODIFIED:20240530T081802Z
SEQUENCE:0
STATUS:CONFIRMED
SUMMARY:Palm Sunday
TRANSP:TRANSPARENT
END:VEVENT
BEGIN:VEVENT
DTSTART;VALUE=DATE:20280415
DTEND;VALUE=DATE:20280416
DTSTAMP:20251122T192239Z
UID:20280415_o85jjo5is4v9aoqmpsrum4j63s@google.com
CLASS:PUBLIC
CREATED:20240530T081802Z
LAST-MODIFIED:20240530T081802Z
SEQUENCE:0
STATUS:CONFIRMED
SUMMARY:Holy Saturday
TRANSP:TRANSPARENT
END:VEVENT
BEGIN:VEVENT
DTSTART;VALUE=DATE:20280525
DTEND;VALUE=DATE:20280526
DTSTAMP:20251122T192239Z
UID:20280525_dqh58ck0brjgblf7uir7r2hdd0@google.com
CLASS:PUBLIC
CREATED:20240530T081802Z
LAST-MODIFIED:20240530T081802Z
SEQUENCE:0
STATUS:CONFIRMED
SUMMARY:Ascension Day
TRANSP:TRANSPARENT
END:VEVENT
BEGIN:VEVENT
DTSTART;VALUE=DATE:20280615
DTEND;VALUE=DATE:20280616
DTSTAMP:20251122T192239Z
UID:20280615_r6lp4buadb8287484rptq68rcg@google.com
CLASS:PUBLIC
CREATED:20240530T081802Z
LAST-MODIFIED:20240530T081802Z
SEQUENCE:0
STATUS:CONFIRMED
SUMMARY:Corpus Christi
TRANSP:TRANSPARENT
END:VEVENT
BEGIN:VEVENT
DTSTART;VALUE=DATE:20280815
DTEND;VALUE=DATE:20280816
DTSTAMP:20251122T192239Z
UID:20280815_cfupo6ifcamchkb5l3utk90vgs@google.com
CLASS:PUBLIC
CREATED:20240530T081802Z
LAST-MODIFIED:20240530T081802Z
SEQUENCE:0
STATUS:CONFIRMED
SUMMARY:Assumption of Mary
TRANSP:TRANSPARENT
END:VEVENT
BEGIN:VEVENT
DTSTART;VALUE=DATE:20281102
DTEND;VALUE=DATE:20281103
DTSTAMP:20251122T192239Z
UID:20281102_r106a2o22m00j38flapfii1ct0@google.com
CLASS:PUBLIC
CREATED:20240530T081802Z
LAST-MODIFIED:20240530T081802Z
SEQUENCE:0
STATUS:CONFIRMED
SUMMARY:All Souls' Day
TRANSP:TRANSPARENT
END:VEVENT
BEGIN:VEVENT
DTSTART;VALUE=DATE:20290510
DTEND;VALUE=DATE:20290511
DTSTAMP:20251122T192239Z
UID:20290510_1fkls0bqbvnfpvb97p8jls7dms@google.com
CLASS:PUBLIC
CREATED:20240530T081802Z
LAST-MODIFIED:20240530T081802Z
SEQUENCE:0
STATUS:CONFIRMED
SUMMARY:Ascension Day
TRANSP:TRANSPARENT
END:VEVENT
BEGIN:VEVENT
DTSTART;VALUE=DATE:20291102
DTEND;VALUE=DATE:20291103
DTSTAMP:20251122T192239Z
UID:20291102_n21id51fumimfa51vrli3d887g@google.com
CLASS:PUBLIC
CREATED:20240530T081802Z
LAST-MODIFIED:20240530T081802Z
SEQUENCE:0
STATUS:CONFIRMED
SUMMARY:All Souls' Day
TRANSP:TRANSPARENT
END:VEVENT
BEGIN:VEVENT
DTSTART;VALUE=DATE:20291212
DTEND;VALUE=DATE:20291213
DTSTAMP:20251122T192239Z
UID:20291212_g81bon9u4s11v92ft3f6fj5cjg@google.com
CLASS:PUBLIC
CREATED:20240530T081802Z
LAST-MODIFIED:20240530T081802Z
SEQUENCE:0
STATUS:CONFIRMED
SUMMARY:Feast of Our Lady of Guadalupe
TRANSP:TRANSPARENT
END:VEVENT
BEGIN:VEVENT
DTSTART;VALUE=DATE:20200410
DTEND;VALUE=DATE:20200411
DTSTAMP:20251122T192239Z
UID:20200410_shh4l3aqngb9up6paap2q4qreo@google.com
CLASS:PUBLIC
CREATED:20240530T081822Z
LAST-MODIFIED:20240530T081822Z
SEQUENCE:0
STATUS:CONFIRMED
SUMMARY:Good Friday
TRANSP:TRANSPARENT
END:VEVENT
BEGIN:VEVENT
DTSTART;VALUE=DATE:20200601
DTEND;VALUE=DATE:20200602
DTSTAMP:20251122T192239Z
UID:20200601_l2hgebebbtuag7iljfk98p27ak@google.com
CLASS:PUBLIC
CREATED:20240530T081822Z
LAST-MODIFIED:20240530T081822Z
SEQUENCE:0
STATUS:CONFIRMED
SUMMARY:Whit Monday
TRANSP:TRANSPARENT
END:VEVENT
BEGIN:VEVENT
DTSTART;VALUE=DATE:20201004
DTEND;VALUE=DATE:20201005
DTSTAMP:20251122T192239Z
UID:20201004_gm8doaor6g1dvdumpu2bnitqkg@google.com
CLASS:PUBLIC
CREATED:20240530T081822Z
LAST-MODIFIED:20240530T081822Z
SEQUENCE:0
STATUS:CONFIRMED
SUMMARY:Feast of St Francis of Assisi
TRANSP:TRANSPARENT
END:VEVENT
BEGIN:VEVENT
DTSTART;VALUE=DATE:20210328
DTEND;VALUE=DATE:20210329
DTSTAMP:20251122T192239Z
UID:20210328_jevvrnq0f12qhcj7uebonfg38c@google.com
CLASS:PUBLIC
CREATED:20240530T081822Z
LAST-MODIFIED:20240530T081822Z
SEQUENCE:0
STATUS:CONFIRMED
SUMMARY:Palm Sunday
TRANSP:TRANSPARENT
END:VEVENT
BEGIN:VEVENT
DTSTART;VALUE=DATE:20210513
DTEND;VALUE=DATE:20210514
DTSTAMP:20251122T192239Z
UID:20210513_sk4bogll7ead6kb3e7cg9sr4mg@google.com
CLASS:PUBLIC
CREATED:20240530T081822Z
LAST-MODIFIED:20240530T081822Z
SEQUENCE:0
STATUS:CONFIRMED
SUMMARY:Ascension Day
TRANSP:TRANSPARENT
END:VEVENT
BEGIN:VEVENT
DTSTART;VALUE=DATE:20210524
DTEND;VALUE=DATE:20210525
DTSTAMP:20251122T192239Z
UID:20210524_fhn6slpgip407oo4k9q6tip8hc@google.com
CLASS:PUBLIC
CREATED:20240530T081822Z
LAST-MODIFIED:20240530T081822Z
SEQUENCE:0
STATUS:CONFIRMED
SUMMARY:Whit Monday
TRANSP:TRANSPARENT
END:VEVENT
BEGIN:VEVENT
DTSTART;VALUE=DATE:20211212
DTEND;VALUE=DATE:20211213
DTSTAMP:20251122T192239Z
UID:20211212_6itca3ud3lr8pfri6op4u83pkg@google.com
CLASS:PUBLIC
CREATED:20240530T081822Z
LAST-MODIFIED:20240530T081822Z
SEQUENCE:0
STATUS:CONFIRMED
SUMMARY:Feast of Our Lady of Guadalupe
TRANSP:TRANSPARENT
END:VEVENT
BEGIN:VEVENT
DTSTART;VALUE=DATE:20211227
DTEND;VALUE=DATE:20211228
DTSTAMP:20251122T192239Z
UID:20211227_s5gdauc7ctnph5rvhlagfasu88@google.com
CLASS:PUBLIC
CREATED:20240530T081822Z
LAST-MODIFIED:20240530T081822Z
SEQUENCE:0
STATUS:CONFIRMED
SUMMARY:Christmas Day (substitute)
TRANSP:TRANSPARENT
END:VEVENT
BEGIN:VEVENT
DTSTART;VALUE=DATE:20220301
DTEND;VALUE=DATE:20220302
DTSTAMP:20251122T192239Z
UID:20220301_c6gprfi25ga9h96k7jhqtb7ed8@google.com
CLASS:PUBLIC
CREATED:20240530T081822Z
LAST-MODIFIED:20240530T081822Z
SEQUENCE:0
STATUS:CONFIRMED
SUMMARY:St. David's Day
TRANSP:TRANSPARENT
END:VEVENT
BEGIN:VEVENT
DTSTART;VALUE=DATE:20220317
DTEND;VALUE=DATE:20220318
DTSTAMP:20251122T192239Z
UID:20220317_3l6t73nmpe8irk37cgvcpsn27s@google.com
CLASS:PUBLIC
CREATED:20240530T081822Z
LAST-MODIFIED:20240530T081822Z
SEQUENCE:0
STATUS:CONFIRMED
SUMMARY:St. Patrick's Day
TRANSP:TRANSPARENT
END:VEVENT
BEGIN:VEVENT
DTSTART;VALUE=DATE:20221102
DTEND;VALUE=DATE:20221103
DTSTAMP:20251122T192239Z
UID:20221102_96v6hnet27fntcnq89btr5us40@google.com
CLASS:PUBLIC
CREATED:20240530T081822Z
LAST-MODIFIED:20240530T081822Z
SEQUENCE:0
STATUS:CONFIRMED
SUMMARY:All Souls' Day
TRANSP:TRANSPARENT
END:VEVENT
BEGIN:VEVENT
DTSTART;VALUE=DATE:20221225
DTEND;VALUE=DATE:20221226
DTSTAMP:20251122T192239Z
UID:20221225_l151b2druqfmnh0i8qaad93fgc@google.com
CLASS:PUBLIC
CREATED:20240530T081822Z
LAST-MODIFIED:20240530T081822Z
SEQUENCE:0
STATUS:CONFIRMED
SUMMARY:Christmas Day
TRANSP:TRANSPARENT
END:VEVENT
BEGIN:VEVENT
DTSTART;VALUE=DATE:20230317
DTEND;VALUE=DATE:20230318
DTSTAMP:20251122T192239Z
UID:20230317_jd6hcqpng0uj8thno69e44qcag@google.com
CLASS:PUBLIC
CREATED:20240530T081822Z
LAST-MODIFIED:20240530T081822Z
SEQUENCE:0
STATUS:CONFIRMED
SUMMARY:St. Patrick's Day
TRANSP:TRANSPARENT
END:VEVENT
BEGIN:VEVENT
DTSTART;VALUE=DATE:20231212
DTEND;VALUE=DATE:20231213
DTSTAMP:20251122T192239Z
UID:20231212_v4emq5ek5vlt6thvtq8o37r7do@google.com
CLASS:PUBLIC
CREATED:20240530T081822Z
LAST-MODIFIED:20240530T081822Z
SEQUENCE:0
STATUS:CONFIRMED
SUMMARY:Feast of Our Lady of Guadalupe
TRANSP:TRANSPARENT
END:VEVENT
BEGIN:VEVENT
DTSTART;VALUE=DATE:20231224
DTEND;VALUE=DATE:20231225
DTSTAMP:20251122T192239Z
UID:20231224_j9rms0pj9cnj9ojshmcbvelmg4@google.com
CLASS:PUBLIC
CREATED:20240530T081822Z
LAST-MODIFIED:20240530T081822Z
SEQUENCE:0
STATUS:CONFIRMED
SUMMARY:Christmas Eve
TRANSP:TRANSPARENT
END:VEVENT
BEGIN:VEVENT
DTSTART;VALUE=DATE:20240213
DTEND;VALUE=DATE:20240214
DTSTAMP:20251122T192239Z
UID:20240213_o0mfn1h9s3079v97tl5rdsoea0@google.com
CLASS:PUBLIC
CREATED:20240530T081822Z
LAST-MODIFIED:20240530T081822Z
SEQUENCE:0
STATUS:CONFIRMED
SUMMARY:Shrove Tuesday/Mardi Gras
TRANSP:TRANSPARENT
END:VEVENT
BEGIN:VEVENT
DTSTART;VALUE=DATE:20240328
DTEND;VALUE=DATE:20240329
DTSTAMP:20251122T192239Z
UID:20240328_7qfu1lpd1gja6sp8cb1i6p6ri8@google.com
CLASS:PUBLIC
CREATED:20240530T081822Z
LAST-MODIFIED:20240530T081822Z
SEQUENCE:0
STATUS:CONFIRMED
SUMMARY:Maundy Thursday
TRANSP:TRANSPARENT
END:VEVENT
BEGIN:VEVENT
DTSTART;VALUE=DATE:20240401
DTEND;VALUE=DATE:20240402
DTSTAMP:20251122T192239Z
UID:20240401_2d6tms5iobl5bogtdsk9al1ugo@google.com
CLASS:PUBLIC
CREATED:20240530T081822Z
LAST-MODIFIED:20240530T081822Z
SEQUENCE:0
STATUS:CONFIRMED
SUMMARY:Easter Monday
TRANSP:TRANSPARENT
END:VEVENT
BEGIN:VEVENT
DTSTART;VALUE=DATE:20240509
DTEND;VALUE=DATE:20240510
DTSTAMP:20251122T192239Z
UID:20240509_nvf2us158je8mvcuodk4duvfns@google.com
CLASS:PUBLIC
CREATED:20240530T081822Z
LAST-MODIFIED:20240530T081822Z
SEQUENCE:0
STATUS:CONFIRMED
SUMMARY:Ascension Day
TRANSP:TRANSPARENT
END:VEVENT
BEGIN:VEVENT
DTSTART;VALUE=DATE:20240520
DTEND;VALUE=DATE:20240521
DTSTAMP:20251122T192239Z
UID:20240520_h9ti2trjkc6sj08b5qiv7lf6j8@google.com
CLASS:PUBLIC
CREATED:20240530T081822Z
LAST-MODIFIED:20240530T081822Z
SEQUENCE:0
STATUS:CONFIRMED
SUMMARY:Whit Monday
TRANSP:TRANSPARENT
END:VEVENT
BEGIN:VEVENT
DTSTART;VALUE=DATE:20240526
DTEND;VALUE=DATE:20240527
DTSTAMP:20251122T192239Z
UID:20240526_qv7fcml6mmf62hde4hi11oavko@google.com
CLASS:PUBLIC
CREATED:20240530T081822Z
LAST-MODIFIED:20240530T081822Z
SEQUENCE:0
STATUS:CONFIRMED
SUMMARY:Trinity Sunday
TRANSP:TRANSPARENT
END:VEVENT
BEGIN:VEVENT
DTSTART;VALUE=DATE:20241101
DTEND;VALUE=DATE:20241102
DTSTAMP:20251122T192239Z
UID:20241101_tungkqstoggv6lrdmcki8t6ej8@google.com
CLASS:PUBLIC
CREATED:20240530T081822Z
LAST-MODIFIED:20240530T081822Z
SEQUENCE:0
STATUS:CONFIRMED
SUMMARY:All Saints' Day
TRANSP:TRANSPARENT
END:VEVENT
BEGIN:VEVENT
DTSTART;VALUE=DATE:20241212
DTEND;VALUE=DATE:20241213
DTSTAMP:20251122T192239Z
UID:20241212_kkglovbddgbk4tn8sag35l0pdo@google.com
CLASS:PUBLIC
CREATED:20240530T081822Z
LAST-MODIFIED:20240530T081822Z
SEQUENCE:0
STATUS:CONFIRMED
SUMMARY:Feast of Our Lady of Guadalupe
TRANSP:TRANSPARENT
END:VEVENT
BEGIN:VEVENT
DTSTART;VALUE=DATE:20250305
DTEND;VALUE=DATE:20250306
DTSTAMP:20251122T192239Z
UID:20250305_fuo4e8eifrpf76mkka4dhphaqs@google.com
CLASS:PUBLIC
CREATED:20240530T081822Z
LAST-MODIFIED:20240530T081822Z
SEQUENCE:0
STATUS:CONFIRMED
SUMMARY:Ash Wednesday
TRANSP:TRANSPARENT
END:VEVENT
BEGIN:VEVENT
DTSTART;VALUE=DATE:20250413
DTEND;VALUE=DATE:20250414
DTSTAMP:20251122T192239Z
UID:20250413_u2adqj20nkvhf3hd5duk03anmg@google.com
CLASS:PUBLIC
CREATED:20240530T081822Z
LAST-MODIFIED:20240530T081822Z
SEQUENCE:0
STATUS:CONFIRMED
SUMMARY:Palm Sunday
TRANSP:TRANSPARENT
END:VEVENT
BEGIN:VEVENT
DTSTART;VALUE=DATE:20250418
DTEND;VALUE=DATE:20250419
DTSTAMP:20251122T192239Z
UID:20250418_s0pgneu58n5vug6badnobr8d7c@google.com
CLASS:PUBLIC
CREATED:20240530T081822Z
LAST-MODIFIED:20240530T081822Z
SEQUENCE:0
STATUS:CONFIRMED
SUMMARY:Good Friday
TRANSP:TRANSPARENT
END:VEVENT
BEGIN:VEVENT
DTSTART;VALUE=DATE:20250619
DTEND;VALUE=DATE:20250620
DTSTAMP:20251122T192239Z
UID:20250619_so9pfljsclg0g7ghm5a9euta2k@google.com
CLASS:PUBLIC
CREATED:20240530T081822Z
LAST-MODIFIED:20240530T081822Z
SEQUENCE:0
STATUS:CONFIRMED
SUMMARY:Corpus Christi
TRANSP:TRANSPARENT
END:VEVENT
BEGIN:VEVENT
DTSTART;VALUE=DATE:20251130
DTEND;VALUE=DATE:20251201
DTSTAMP:20251122T192239Z
UID:20251130_jvrqlsi7v2t787g15e8g1gjmkg@google.com
CLASS:PUBLIC
CREATED:20240530T081822Z
LAST-MODIFIED:20240530T081822Z
SEQUENCE:0
STATUS:CONFIRMED
SUMMARY:First Sunday of Advent
TRANSP:TRANSPARENT
END:VEVENT
BEGIN:VEVENT
DTSTART;VALUE=DATE:20251212
DTEND;VALUE=DATE:20251213
DTSTAMP:20251122T192239Z
UID:20251212_s1arrp5r6f7eoov3ns3v8cf3v0@google.com
CLASS:PUBLIC
CREATED:20240530T081822Z
LAST-MODIFIED:20240530T081822Z
SEQUENCE:0
STATUS:CONFIRMED
SUMMARY:Feast of Our Lady of Guadalupe
TRANSP:TRANSPARENT
END:VEVENT
BEGIN:VEVENT
DTSTART;VALUE=DATE:20260404
DTEND;VALUE=DATE:20260405
DTSTAMP:20251122T192239Z
UID:20260404_i3497mh65sgvsf9t2d6q8gkrmg@google.com
CLASS:PUBLIC
CREATED:20240530T081822Z
LAST-MODIFIED:20240530T081822Z
SEQUENCE:0
STATUS:CONFIRMED
SUMMARY:Holy Saturday
TRANSP:TRANSPARENT
END:VEVENT
BEGIN:VEVENT
DTSTART;VALUE=DATE:20261102
DTEND;VALUE=DATE:20261103
DTSTAMP:20251122T192239Z
UID:20261102_dkruved96eivr6rbvsvt74a0p4@google.com
CLASS:PUBLIC
CREATED:20240530T081822Z
LAST-MODIFIED:20240530T081822Z
SEQUENCE:0
STATUS:CONFIRMED
SUMMARY:All Souls' Day
TRANSP:TRANSPARENT
END:VEVENT
BEGIN:VEVENT
DTSTART;VALUE=DATE:20270210
DTEND;VALUE=DATE:20270211
DTSTAMP:20251122T192239Z
UID:20270210_at33fqlkq0ifcvs8fv4t448u6s@google.com
CLASS:PUBLIC
CREATED:20240530T081822Z
LAST-MODIFIED:20240530T081822Z
SEQUENCE:0
STATUS:CONFIRMED
SUMMARY:Ash Wednesday
TRANSP:TRANSPARENT
END:VEVENT
BEGIN:VEVENT
DTSTART;VALUE=DATE:20270317
DTEND;VALUE=DATE:20270318
DTSTAMP:20251122T192239Z
UID:20270317_1gigecsr92onhnn5oq9595jh4o@google.com
CLASS:PUBLIC
CREATED:20240530T081822Z
LAST-MODIFIED:20240530T081822Z
SEQUENCE:0
STATUS:CONFIRMED
SUMMARY:St. Patrick's Day
TRANSP:TRANSPARENT
END:VEVENT
BEGIN:VEVENT
DTSTART;VALUE=DATE:20271102
DTEND;VALUE=DATE:20271103
DTSTAMP:20251122T192239Z
UID:20271102_skk0k1u9i4lqkdtnc2s82lc51g@google.com
CLASS:PUBLIC
CREATED:20240530T081822Z
LAST-MODIFIED:20240530T081822Z
SEQUENCE:0
STATUS:CONFIRMED
SUMMARY:All Souls' Day
TRANSP:TRANSPARENT
END:VEVENT
BEGIN:VEVENT
DTSTART;VALUE=DATE:20271227
DTEND;VALUE=DATE:20271228
DTSTAMP:20251122T192239Z
UID:20271227_52imheijpn2fkqd78bpa00ht5g@google.com
CLASS:PUBLIC
CREATED:20240530T081822Z
LAST-MODIFIED:20240530T081822Z
SEQUENCE:0
STATUS:CONFIRMED
SUMMARY:Christmas Day (substitute)
TRANSP:TRANSPARENT
END:VEVENT
BEGIN:VEVENT
DTSTART;VALUE=DATE:20280301
DTEND;VALUE=DATE:20280302
DTSTAMP:20251122T192239Z
UID:20280301_8dqfhb8re7jr9a1dl11p39vtf0@google.com
CLASS:PUBLIC
CREATED:20240530T081822Z
LAST-MODIFIED:20240530T081822Z
SEQUENCE:0
STATUS:CONFIRMED
SUMMARY:St. David's Day
TRANSP:TRANSPARENT
END:VEVENT
BEGIN:VEVENT
DTSTART;VALUE=DATE:20280416
DTEND;VALUE=DATE:20280417
DTSTAMP:20251122T192239Z
UID:20280416_9dp96fo60qbt74bvg2d6voopv0@google.com
CLASS:PUBLIC
CREATED:20240530T081822Z
LAST-MODIFIED:20240530T081822Z
SEQUENCE:0
STATUS:CONFIRMED
SUMMARY:Easter Sunday
TRANSP:TRANSPARENT
END:VEVENT
BEGIN:VEVENT
DTSTART;VALUE=DATE:20280611
DTEND;VALUE=DATE:20280612
DTSTAMP:20251122T192239Z
UID:20280611_cekdr9bc1c2rvdmq7v82bc18ko@google.com
CLASS:PUBLIC
CREATED:20240530T081822Z
LAST-MODIFIED:20240530T081822Z
SEQUENCE:0
STATUS:CONFIRMED
SUMMARY:Trinity Sunday
TRANSP:TRANSPARENT
END:VEVENT
BEGIN:VEVENT
DTSTART;VALUE=DATE:20281203
DTEND;VALUE=DATE:20281204
DTSTAMP:20251122T192239Z
UID:20281203_c4ogtt8urtqpd8ude4k24mqpd0@google.com
CLASS:PUBLIC
CREATED:20240530T081822Z
LAST-MODIFIED:20240530T081822Z
SEQUENCE:0
STATUS:CONFIRMED
SUMMARY:First Sunday of Advent
TRANSP:TRANSPARENT
END:VEVENT
BEGIN:VEVENT
DTSTART;VALUE=DATE:20281225
DTEND;VALUE=DATE:20281226
DTSTAMP:20251122T192239Z
UID:20281225_vj023dbsoner0mgs2m465okdvs@google.com
CLASS:PUBLIC
CREATED:20240530T081822Z
LAST-MODIFIED:20240530T081822Z
SEQUENCE:0
STATUS:CONFIRMED
SUMMARY:Christmas Day
TRANSP:TRANSPARENT
END:VEVENT
BEGIN:VEVENT
DTSTART;VALUE=DATE:20290213
DTEND;VALUE=DATE:20290214
DTSTAMP:20251122T192239Z
UID:20290213_mqj0875r1sdarom95cm40tqgp0@google.com
CLASS:PUBLIC
CREATED:20240530T081822Z
LAST-MODIFIED:20240530T081822Z
SEQUENCE:0
STATUS:CONFIRMED
SUMMARY:Shrove Tuesday/Mardi Gras
TRANSP:TRANSPARENT
END:VEVENT
BEGIN:VEVENT
DTSTART;VALUE=DATE:20290214
DTEND;VALUE=DATE:20290215
DTSTAMP:20251122T192239Z
UID:20290214_fo62j8q2hrtnnoi3j9q8tg04ok@google.com
CLASS:PUBLIC
CREATED:20240530T081822Z
LAST-MODIFIED:20240530T081822Z
SEQUENCE:0
STATUS:CONFIRMED
SUMMARY:Ash Wednesday
TRANSP:TRANSPARENT
END:VEVENT
BEGIN:VEVENT
DTSTART;VALUE=DATE:20290301
DTEND;VALUE=DATE:20290302
DTSTAMP:20251122T192239Z
UID:20290301_2q880m7v40bfifqb2rj82gefu0@google.com
CLASS:PUBLIC
CREATED:20240530T081822Z
LAST-MODIFIED:20240530T081822Z
SEQUENCE:0
STATUS:CONFIRMED
SUMMARY:St. David's Day
TRANSP:TRANSPARENT
END:VEVENT
BEGIN:VEVENT
DTSTART;VALUE=DATE:20290402
DTEND;VALUE=DATE:20290403
DTSTAMP:20251122T192239Z
UID:20290402_3j9c20uq5v10fcffs30vq0cf5g@google.com
CLASS:PUBLIC
CREATED:20240530T081822Z
LAST-MODIFIED:20240530T081822Z
SEQUENCE:0
STATUS:CONFIRMED
SUMMARY:Easter Monday
TRANSP:TRANSPARENT
END:VEVENT
BEGIN:VEVENT
DTSTART;VALUE=DATE:20291004
DTEND;VALUE=DATE:20291005
DTSTAMP:20251122T192239Z
UID:20291004_24sjf7jgjqgdjslajmn81s9l4k@google.com
CLASS:PUBLIC
CREATED:20240530T081822Z
LAST-MODIFIED:20240530T081822Z
SEQUENCE:0
STATUS:CONFIRMED
SUMMARY:Feast of St Francis of Assisi
TRANSP:TRANSPARENT
END:VEVENT
BEGIN:VEVENT
DTSTART;VALUE=DATE:20291202
DTEND;VALUE=DATE:20291203
DTSTAMP:20251122T192239Z
UID:20291202_u7p50474fpjj2qot2pdjoafs0c@google.com
CLASS:PUBLIC
CREATED:20240530T081822Z
LAST-MODIFIED:20240530T081822Z
SEQUENCE:0
STATUS:CONFIRMED
SUMMARY:First Sunday of Advent
TRANSP:TRANSPARENT
END:VEVENT
BEGIN:VEVENT
DTSTART;VALUE=DATE:20291225
DTEND;VALUE=DATE:20291226
DTSTAMP:20251122T192239Z
UID:20291225_uj228hfd7p6ndtvlkrnrcd8o5o@google.com
CLASS:PUBLIC
CREATED:20240530T081822Z
LAST-MODIFIED:20240530T081822Z
SEQUENCE:0
STATUS:CONFIRMED
SUMMARY:Christmas Day
TRANSP:TRANSPARENT
END:VEVENT
BEGIN:VEVENT
DTSTART;VALUE=DATE:20200106
DTEND;VALUE=DATE:20200107
DTSTAMP:20251122T192239Z
UID:20200106_7um226qf381ugo8uj10cv6dlos@google.com
CLASS:PUBLIC
CREATED:20240530T081843Z
LAST-MODIFIED:20240530T081843Z
SEQUENCE:0
STATUS:CONFIRMED
SUMMARY:Epiphany
TRANSP:TRANSPARENT
END:VEVENT
BEGIN:VEVENT
DTSTART;VALUE=DATE:20200225
DTEND;VALUE=DATE:20200226
DTSTAMP:20251122T192239Z
UID:20200225_0pji7868o9nc0s56f8lkj5k9m4@google.com
CLASS:PUBLIC
CREATED:20240530T081843Z
LAST-MODIFIED:20240530T081843Z
SEQUENCE:0
STATUS:CONFIRMED
SUMMARY:Shrove Tuesday/Mardi Gras
TRANSP:TRANSPARENT
END:VEVENT
BEGIN:VEVENT
DTSTART;VALUE=DATE:20200405
DTEND;VALUE=DATE:20200406
DTSTAMP:20251122T192239Z
UID:20200405_nqmul37chr6ittjb8qmskuke30@google.com
CLASS:PUBLIC
CREATED:20240530T081843Z
LAST-MODIFIED:20240530T081843Z
SEQUENCE:0
STATUS:CONFIRMED
SUMMARY:Palm Sunday
TRANSP:TRANSPARENT
END:VEVENT
BEGIN:VEVENT
DTSTART;VALUE=DATE:20200409
DTEND;VALUE=DATE:20200410
DTSTAMP:20251122T192239Z
UID:20200409_iudsdm2liqb9b0l4cbtkh6d26c@google.com
CLASS:PUBLIC
CREATED:20240530T081843Z
LAST-MODIFIED:20240530T081843Z
SEQUENCE:0
STATUS:CONFIRMED
SUMMARY:Maundy Thursday
TRANSP:TRANSPARENT
END:VEVENT
BEGIN:VEVENT
DTSTART;VALUE=DATE:20200411
DTEND;VALUE=DATE:20200412
DTSTAMP:20251122T192239Z
UID:20200411_p3gdqim8c0u5ejv01sblf4ah5k@google.com
CLASS:PUBLIC
CREATED:20240530T081843Z
LAST-MODIFIED:20240530T081843Z
SEQUENCE:0
STATUS:CONFIRMED
SUMMARY:Holy Saturday
TRANSP:TRANSPARENT
END:VEVENT
BEGIN:VEVENT
DTSTART;VALUE=DATE:20200521
DTEND;VALUE=DATE:20200522
DTSTAMP:20251122T192239Z
UID:20200521_1448aelitssui7ru77fkt879dc@google.com
CLASS:PUBLIC
CREATED:20240530T081843Z
LAST-MODIFIED:20240530T081843Z
SEQUENCE:0
STATUS:CONFIRMED
SUMMARY:Ascension Day
TRANSP:TRANSPARENT
END:VEVENT
BEGIN:VEVENT
DTSTART;VALUE=DATE:20201208
DTEND;VALUE=DATE:20201209
DTSTAMP:20251122T192239Z
UID:20201208_g9b0idr5kqmbt11lu0uvo0gl40@google.com
CLASS:PUBLIC
CREATED:20240530T081843Z
LAST-MODIFIED:20240530T081843Z
SEQUENCE:0
STATUS:CONFIRMED
SUMMARY:Feast of the Immaculate Conception
TRANSP:TRANSPARENT
END:VEVENT
BEGIN:VEVENT
DTSTART;VALUE=DATE:20220301
DTEND;VALUE=DATE:20220302
DTSTAMP:20251122T192239Z
UID:20220301_hv2jkpb9pbg3ced16efv3ut3vc@google.com
CLASS:PUBLIC
CREATED:20240530T081843Z
LAST-MODIFIED:20240530T081843Z
SEQUENCE:0
STATUS:CONFIRMED
SUMMARY:Shrove Tuesday/Mardi Gras
TRANSP:TRANSPARENT
END:VEVENT
BEGIN:VEVENT
DTSTART;VALUE=DATE:20220415
DTEND;VALUE=DATE:20220416
DTSTAMP:20251122T192239Z
UID:20220415_8b5kulh7q71vutvjdp3rp0312k@google.com
CLASS:PUBLIC
CREATED:20240530T081843Z
LAST-MODIFIED:20240530T081843Z
SEQUENCE:0
STATUS:CONFIRMED
SUMMARY:Good Friday
TRANSP:TRANSPARENT
END:VEVENT
BEGIN:VEVENT
DTSTART;VALUE=DATE:20220416
DTEND;VALUE=DATE:20220417
DTSTAMP:20251122T192239Z
UID:20220416_fqs7itb2510s1rjji04glf535c@google.com
CLASS:PUBLIC
CREATED:20240530T081843Z
LAST-MODIFIED:20240530T081843Z
SEQUENCE:0
STATUS:CONFIRMED
SUMMARY:Holy Saturday
TRANSP:TRANSPARENT
END:VEVENT
BEGIN:VEVENT
DTSTART;VALUE=DATE:20220526
DTEND;VALUE=DATE:20220527
DTSTAMP:20251122T192239Z
UID:20220526_8jukdd17c30h861pbkki8cu9h8@google.com
CLASS:PUBLIC
CREATED:20240530T081843Z
LAST-MODIFIED:20240530T081843Z
SEQUENCE:0
STATUS:CONFIRMED
SUMMARY:Ascension Day
TRANSP:TRANSPARENT
END:VEVENT
BEGIN:VEVENT
DTSTART;VALUE=DATE:20221004
DTEND;VALUE=DATE:20221005
DTSTAMP:20251122T192239Z
UID:20221004_l54nbf9ct2770cn5f309ql9a7o@google.com
CLASS:PUBLIC
CREATED:20240530T081843Z
LAST-MODIFIED:20240530T081843Z
SEQUENCE:0
STATUS:CONFIRMED
SUMMARY:Feast of St Francis of Assisi
TRANSP:TRANSPARENT
END:VEVENT
BEGIN:VEVENT
DTSTART;VALUE=DATE:20221127
DTEND;VALUE=DATE:20221128
DTSTAMP:20251122T192239Z
UID:20221127_9ha89t9mcdq004f8v7p1i6jmdg@google.com
CLASS:PUBLIC
CREATED:20240530T081843Z
LAST-MODIFIED:20240530T081843Z
SEQUENCE:0
STATUS:CONFIRMED
SUMMARY:First Sunday of Advent
TRANSP:TRANSPARENT
END:VEVENT
BEGIN:VEVENT
DTSTART;VALUE=DATE:20221224
DTEND;VALUE=DATE:20221225
DTSTAMP:20251122T192239Z
UID:20221224_37oa4elp12kt8sicpql6kuj05o@google.com
CLASS:PUBLIC
CREATED:20240530T081843Z
LAST-MODIFIED:20240530T081843Z
SEQUENCE:0
STATUS:CONFIRMED
SUMMARY:Christmas Eve
TRANSP:TRANSPARENT
END:VEVENT
BEGIN:VEVENT
DTSTART;VALUE=DATE:20230407
DTEND;VALUE=DATE:20230408
DTSTAMP:20251122T192239Z
UID:20230407_hen9f3br2uvsi7o52294l1fbic@google.com
CLASS:PUBLIC
CREATED:20240530T081843Z
LAST-MODIFIED:20240530T081843Z
SEQUENCE:0
STATUS:CONFIRMED
SUMMARY:Good Friday
TRANSP:TRANSPARENT
END:VEVENT
BEGIN:VEVENT
DTSTART;VALUE=DATE:20230518
DTEND;VALUE=DATE:20230519
DTSTAMP:20251122T192239Z
UID:20230518_aaj6o7c29fdg271rug0j0n2l6k@google.com
CLASS:PUBLIC
CREATED:20240530T081843Z
LAST-MODIFIED:20240530T081843Z
SEQUENCE:0
STATUS:CONFIRMED
SUMMARY:Ascension Day
TRANSP:TRANSPARENT
END:VEVENT
BEGIN:VEVENT
DTSTART;VALUE=DATE:20230604
DTEND;VALUE=DATE:20230605
DTSTAMP:20251122T192239Z
UID:20230604_pu2luo9jnld3tqb255hpfr4mbo@google.com
CLASS:PUBLIC
CREATED:20240530T081843Z
LAST-MODIFIED:20240530T081843Z
SEQUENCE:0
STATUS:CONFIRMED
SUMMARY:Trinity Sunday
TRANSP:TRANSPARENT
END:VEVENT
BEGIN:VEVENT
DTSTART;VALUE=DATE:20231101
DTEND;VALUE=DATE:20231102
DTSTAMP:20251122T192239Z
UID:20231101_e97kbv1brs3j2uvcgepvh509qg@google.com
CLASS:PUBLIC
CREATED:20240530T081843Z
LAST-MODIFIED:20240530T081843Z
SEQUENCE:0
STATUS:CONFIRMED
SUMMARY:All Saints' Day
TRANSP:TRANSPARENT
END:VEVENT
BEGIN:VEVENT
DTSTART;VALUE=DATE:20231203
DTEND;VALUE=DATE:20231204
DTSTAMP:20251122T192239Z
UID:20231203_1oihffarcf7doma7e08aqikj2s@google.com
CLASS:PUBLIC
CREATED:20240530T081843Z
LAST-MODIFIED:20240530T081843Z
SEQUENCE:0
STATUS:CONFIRMED
SUMMARY:First Sunday of Advent
TRANSP:TRANSPARENT
END:VEVENT
BEGIN:VEVENT
DTSTART;VALUE=DATE:20231208
DTEND;VALUE=DATE:20231209
DTSTAMP:20251122T192239Z
UID:20231208_5bf197i1i125nll695dh6aquus@google.com
CLASS:PUBLIC
CREATED:20240530T081843Z
LAST-MODIFIED:20240530T081843Z
SEQUENCE:0
STATUS:CONFIRMED
SUMMARY:Feast of the Immaculate Conception
TRANSP:TRANSPARENT
END:VEVENT
BEGIN:VEVENT
DTSTART;VALUE=DATE:20241102
DTEND;VALUE=DATE:20241103
DTSTAMP:20251122T192239Z
UID:20241102_pbjjg01m3l649febr8ltsfctpc@google.com
CLASS:PUBLIC
CREATED:20240530T081843Z
LAST-MODIFIED:20240530T081843Z
SEQUENCE:0
STATUS:CONFIRMED
SUMMARY:All Souls' Day
TRANSP:TRANSPARENT
END:VEVENT
BEGIN:VEVENT
DTSTART;VALUE=DATE:20241201
DTEND;VALUE=DATE:20241202
DTSTAMP:20251122T192239Z
UID:20241201_91i6vn9b7rh69snuoebpr16nb8@google.com
CLASS:PUBLIC
CREATED:20240530T081843Z
LAST-MODIFIED:20240530T081843Z
SEQUENCE:0
STATUS:CONFIRMED
SUMMARY:First Sunday of Advent
TRANSP:TRANSPARENT
END:VEVENT
BEGIN:VEVENT
DTSTART;VALUE=DATE:20241209
DTEND;VALUE=DATE:20241210
DTSTAMP:20251122T192239Z
UID:20241209_ph12p02au8sj6tjfvj8ck1c3u0@google.com
CLASS:PUBLIC
CREATED:20240530T081843Z
LAST-MODIFIED:20240530T081843Z
SEQUENCE:0
STATUS:CONFIRMED
SUMMARY:Feast of the Immaculate Conception
TRANSP:TRANSPARENT
END:VEVENT
BEGIN:VEVENT
DTSTART;VALUE=DATE:20250106
DTEND;VALUE=DATE:20250107
DTSTAMP:20251122T192239Z
UID:20250106_9sl3m15ljqki50cdoti16j7kt8@google.com
CLASS:PUBLIC
CREATED:20240530T081843Z
LAST-MODIFIED:20240530T081843Z
SEQUENCE:0
STATUS:CONFIRMED
SUMMARY:Epiphany
TRANSP:TRANSPARENT
END:VEVENT
BEGIN:VEVENT
DTSTART;VALUE=DATE:20250317
DTEND;VALUE=DATE:20250318
DTSTAMP:20251122T192239Z
UID:20250317_od4cmlcbvfvah341334hl2lfp4@google.com
CLASS:PUBLIC
CREATED:20240530T081843Z
LAST-MODIFIED:20240530T081843Z
SEQUENCE:0
STATUS:CONFIRMED
SUMMARY:St. Patrick's Day
TRANSP:TRANSPARENT
END:VEVENT
BEGIN:VEVENT
DTSTART;VALUE=DATE:20250419
DTEND;VALUE=DATE:20250420
DTSTAMP:20251122T192239Z
UID:20250419_01btftsmi3dd5mloj0n0q7j8qc@google.com
CLASS:PUBLIC
CREATED:20240530T081843Z
LAST-MODIFIED:20240530T081843Z
SEQUENCE:0
STATUS:CONFIRMED
SUMMARY:Holy Saturday
TRANSP:TRANSPARENT
END:VEVENT
BEGIN:VEVENT
DTSTART;VALUE=DATE:20250608
DTEND;VALUE=DATE:20250609
DTSTAMP:20251122T192239Z
UID:20250608_l52jn9qqdti0a1t1sk08uh6gn4@google.com
CLASS:PUBLIC
CREATED:20240530T081843Z
LAST-MODIFIED:20240530T081843Z
SEQUENCE:0
STATUS:CONFIRMED
SUMMARY:Pentecost
TRANSP:TRANSPARENT
END:VEVENT
BEGIN:VEVENT
DTSTART;VALUE=DATE:20251004
DTEND;VALUE=DATE:20251005
DTSTAMP:20251122T192239Z
UID:20251004_2791fnavjj7uapsqbdi3rkc098@google.com
CLASS:PUBLIC
CREATED:20240530T081843Z
LAST-MODIFIED:20240530T081843Z
SEQUENCE:0
STATUS:CONFIRMED
SUMMARY:Feast of St Francis of Assisi
TRANSP:TRANSPARENT
END:VEVENT
BEGIN:VEVENT
DTSTART;VALUE=DATE:20260405
DTEND;VALUE=DATE:20260406
DTSTAMP:20251122T192239Z
UID:20260405_tp44h40ura94hsg5rn8pduies4@google.com
CLASS:PUBLIC
CREATED:20240530T081843Z
LAST-MODIFIED:20240530T081843Z
SEQUENCE:0
STATUS:CONFIRMED
SUMMARY:Easter Sunday
TRANSP:TRANSPARENT
END:VEVENT
BEGIN:VEVENT
DTSTART;VALUE=DATE:20260531
DTEND;VALUE=DATE:20260601
DTSTAMP:20251122T192239Z
UID:20260531_tjbhn7ttn17umqqj8gk18d28es@google.com
CLASS:PUBLIC
CREATED:20240530T081843Z
LAST-MODIFIED:20240530T081843Z
SEQUENCE:0
STATUS:CONFIRMED
SUMMARY:Trinity Sunday
TRANSP:TRANSPARENT
END:VEVENT
BEGIN:VEVENT
DTSTART;VALUE=DATE:20260604
DTEND;VALUE=DATE:20260605
DTSTAMP:20251122T192239Z
UID:20260604_fsetgo9d1nhodsi4v8evmet928@google.com
CLASS:PUBLIC
CREATED:20240530T081843Z
LAST-MODIFIED:20240530T081843Z
SEQUENCE:0
STATUS:CONFIRMED
SUMMARY:Corpus Christi
TRANSP:TRANSPARENT
END:VEVENT
BEGIN:VEVENT
DTSTART;VALUE=DATE:20261101
DTEND;VALUE=DATE:20261102
DTSTAMP:20251122T192239Z
UID:20261101_s3ahbacl87aq08imdk3g94aoqc@google.com
CLASS:PUBLIC
CREATED:20240530T081843Z
LAST-MODIFIED:20240530T081843Z
SEQUENCE:0
STATUS:CONFIRMED
SUMMARY:All Saints' Day
TRANSP:TRANSPARENT
END:VEVENT
BEGIN:VEVENT
DTSTART;VALUE=DATE:20261129
DTEND;VALUE=DATE:20261130
DTSTAMP:20251122T192239Z
UID:20261129_3df0hjhi0koioqlee8f2fdqgqs@google.com
CLASS:PUBLIC
CREATED:20240530T081843Z
LAST-MODIFIED:20240530T081843Z
SEQUENCE:0
STATUS:CONFIRMED
SUMMARY:First Sunday of Advent
TRANSP:TRANSPARENT
END:VEVENT
BEGIN:VEVENT
DTSTART;VALUE=DATE:20261225
DTEND;VALUE=DATE:20261226
DTSTAMP:20251122T192239Z
UID:20261225_vtvvkefdq1kn7amv5he9tfl3p0@google.com
CLASS:PUBLIC
CREATED:20240530T081843Z
LAST-MODIFIED:20240530T081843Z
SEQUENCE:0
STATUS:CONFIRMED
SUMMARY:Christmas Day
TRANSP:TRANSPARENT
END:VEVENT
BEGIN:VEVENT
DTSTART;VALUE=DATE:20270106
DTEND;VALUE=DATE:20270107
DTSTAMP:20251122T192239Z
UID:20270106_qmq0q2revpjp64mu87mfa3vh2k@google.com
CLASS:PUBLIC
CREATED:20240530T081843Z
LAST-MODIFIED:20240530T081843Z
SEQUENCE:0
STATUS:CONFIRMED
SUMMARY:Epiphany
TRANSP:TRANSPARENT
END:VEVENT
BEGIN:VEVENT
DTSTART;VALUE=DATE:20270517
DTEND;VALUE=DATE:20270518
DTSTAMP:20251122T192239Z
UID:20270517_t5ru0k20t2bh9uqaimrkk57scc@google.com
CLASS:PUBLIC
CREATED:20240530T081843Z
LAST-MODIFIED:20240530T081843Z
SEQUENCE:0
STATUS:CONFIRMED
SUMMARY:Whit Monday
TRANSP:TRANSPARENT
END:VEVENT
BEGIN:VEVENT
DTSTART;VALUE=DATE:20271004
DTEND;VALUE=DATE:20271005
DTSTAMP:20251122T192239Z
UID:20271004_0ba7pa0ucs65qcse07tumg2l2s@google.com
CLASS:PUBLIC
CREATED:20240530T081843Z
LAST-MODIFIED:20240530T081843Z
SEQUENCE:0
STATUS:CONFIRMED
SUMMARY:Feast of St Francis of Assisi
TRANSP:TRANSPARENT
END:VEVENT
BEGIN:VEVENT
DTSTART;VALUE=DATE:20271101
DTEND;VALUE=DATE:20271102
DTSTAMP:20251122T192239Z
UID:20271101_899mor768506f6usul5kvjpmkg@google.com
CLASS:PUBLIC
CREATED:20240530T081843Z
LAST-MODIFIED:20240530T081843Z
SEQUENCE:0
STATUS:CONFIRMED
SUMMARY:All Saints' Day
TRANSP:TRANSPARENT
END:VEVENT
BEGIN:VEVENT
DTSTART;VALUE=DATE:20271128
DTEND;VALUE=DATE:20271129
DTSTAMP:20251122T192239Z
UID:20271128_5ovhjfd6il0k555k4ih6qb076s@google.com
CLASS:PUBLIC
CREATED:20240530T081843Z
LAST-MODIFIED:20240530T081843Z
SEQUENCE:0
STATUS:CONFIRMED
SUMMARY:First Sunday of Advent
TRANSP:TRANSPARENT
END:VEVENT
BEGIN:VEVENT
DTSTART;VALUE=DATE:20281004
DTEND;VALUE=DATE:20281005
DTSTAMP:20251122T192239Z
UID:20281004_9c2h3mvoihumm4p8r0ork6s44c@google.com
CLASS:PUBLIC
CREATED:20240530T081843Z
LAST-MODIFIED:20240530T081843Z
SEQUENCE:0
STATUS:CONFIRMED
SUMMARY:Feast of St Francis of Assisi
TRANSP:TRANSPARENT
END:VEVENT
BEGIN:VEVENT
DTSTART;VALUE=DATE:20281208
DTEND;VALUE=DATE:20281209
DTSTAMP:20251122T192239Z
UID:20281208_5h6kmlaagtrm35qkrtc76p8prg@google.com
CLASS:PUBLIC
CREATED:20240530T081843Z
LAST-MODIFIED:20240530T081843Z
SEQUENCE:0
STATUS:CONFIRMED
SUMMARY:Feast of the Immaculate Conception
TRANSP:TRANSPARENT
END:VEVENT
BEGIN:VEVENT
DTSTART;VALUE=DATE:20290317
DTEND;VALUE=DATE:20290318
DTSTAMP:20251122T192239Z
UID:20290317_k4bcq4evd7ni6dbns2j903qcgs@google.com
CLASS:PUBLIC
CREATED:20240530T081843Z
LAST-MODIFIED:20240530T081843Z
SEQUENCE:0
STATUS:CONFIRMED
SUMMARY:St. Patrick's Day
TRANSP:TRANSPARENT
END:VEVENT
BEGIN:VEVENT
DTSTART;VALUE=DATE:20290330
DTEND;VALUE=DATE:20290331
DTSTAMP:20251122T192239Z
UID:20290330_4n6u5942n6q0i5505bjhdt3e6k@google.com
CLASS:PUBLIC
CREATED:20240530T081843Z
LAST-MODIFIED:20240530T081843Z
SEQUENCE:0
STATUS:CONFIRMED
SUMMARY:Good Friday
TRANSP:TRANSPARENT
END:VEVENT
BEGIN:VEVENT
DTSTART;VALUE=DATE:20290401
DTEND;VALUE=DATE:20290402
DTSTAMP:20251122T192239Z
UID:20290401_nrdulq2jlmbaf7m7fmbst39c34@google.com
CLASS:PUBLIC
CREATED:20240530T081843Z
LAST-MODIFIED:20240530T081843Z
SEQUENCE:0
STATUS:CONFIRMED
SUMMARY:Easter Sunday
TRANSP:TRANSPARENT
END:VEVENT
BEGIN:VEVENT
DTSTART;VALUE=DATE:20290527
DTEND;VALUE=DATE:20290528
DTSTAMP:20251122T192239Z
UID:20290527_13ardl9t07trgj5dc9sec1rgb4@google.com
CLASS:PUBLIC
CREATED:20240530T081843Z
LAST-MODIFIED:20240530T081843Z
SEQUENCE:0
STATUS:CONFIRMED
SUMMARY:Trinity Sunday
TRANSP:TRANSPARENT
END:VEVENT
BEGIN:VEVENT
DTSTART;VALUE=DATE:20200301
DTEND;VALUE=DATE:20200302
DTSTAMP:20251122T192239Z
UID:20200301_j3614ae6tuqq67d62q91fk2lrg@google.com
CLASS:PUBLIC
CREATED:20240530T081905Z
LAST-MODIFIED:20240530T081905Z
SEQUENCE:0
STATUS:CONFIRMED
SUMMARY:St. David's Day
TRANSP:TRANSPARENT
END:VEVENT
BEGIN:VEVENT
DTSTART;VALUE=DATE:20200317
DTEND;VALUE=DATE:20200318
DTSTAMP:20251122T192239Z
UID:20200317_aiis59i16nj6r7jhecfql03r1k@google.com
CLASS:PUBLIC
CREATED:20240530T081905Z
LAST-MODIFIED:20240530T081905Z
SEQUENCE:0
STATUS:CONFIRMED
SUMMARY:St. Patrick's Day
TRANSP:TRANSPARENT
END:VEVENT
BEGIN:VEVENT
DTSTART;VALUE=DATE:20200413
DTEND;VALUE=DATE:20200414
DTSTAMP:20251122T192239Z
UID:20200413_7184s27aodq5vd15o18t5egnlo@google.com
CLASS:PUBLIC
CREATED:20240530T081905Z
LAST-MODIFIED:20240530T081905Z
SEQUENCE:0
STATUS:CONFIRMED
SUMMARY:Easter Monday
TRANSP:TRANSPARENT
END:VEVENT
BEGIN:VEVENT
DTSTART;VALUE=DATE:20200531
DTEND;VALUE=DATE:20200601
DTSTAMP:20251122T192239Z
UID:20200531_ci30ov4mu9op77ifeoev42dcdk@google.com
CLASS:PUBLIC
CREATED:20240530T081905Z
LAST-MODIFIED:20240530T081905Z
SEQUENCE:0
STATUS:CONFIRMED
SUMMARY:Pentecost
TRANSP:TRANSPARENT
END:VEVENT
BEGIN:VEVENT
DTSTART;VALUE=DATE:20200815
DTEND;VALUE=DATE:20200816
DTSTAMP:20251122T192239Z
UID:20200815_u5i9e7msero19gq80lc21nhjno@google.com
CLASS:PUBLIC
CREATED:20240530T081905Z
LAST-MODIFIED:20240530T081905Z
SEQUENCE:0
STATUS:CONFIRMED
SUMMARY:Assumption of Mary
TRANSP:TRANSPARENT
END:VEVENT
BEGIN:VEVENT
DTSTART;VALUE=DATE:20201102
DTEND;VALUE=DATE:20201103
DTSTAMP:20251122T192239Z
UID:20201102_tajju3722jk7j6st3p015i5aqo@google.com
CLASS:PUBLIC
CREATED:20240530T081905Z
LAST-MODIFIED:20240530T081905Z
SEQUENCE:0
STATUS:CONFIRMED
SUMMARY:All Souls' Day
TRANSP:TRANSPARENT
END:VEVENT
BEGIN:VEVENT
DTSTART;VALUE=DATE:20201129
DTEND;VALUE=DATE:20201130
DTSTAMP:20251122T192239Z
UID:20201129_bjqjf4ab96b6derprh7vtaefug@google.com
CLASS:PUBLIC
CREATED:20240530T081905Z
LAST-MODIFIED:20240530T081905Z
SEQUENCE:0
STATUS:CONFIRMED
SUMMARY:First Sunday of Advent
TRANSP:TRANSPARENT
END:VEVENT
BEGIN:VEVENT
DTSTART;VALUE=DATE:20201224
DTEND;VALUE=DATE:20201225
DTSTAMP:20251122T192239Z
UID:20201224_bjlc39pa8p5c6b5n5648d8ehvk@google.com
CLASS:PUBLIC
CREATED:20240530T081905Z
LAST-MODIFIED:20240530T081905Z
SEQUENCE:0
STATUS:CONFIRMED
SUMMARY:Christmas Eve
TRANSP:TRANSPARENT
END:VEVENT
BEGIN:VEVENT
DTSTART;VALUE=DATE:20210217
DTEND;VALUE=DATE:20210218
DTSTAMP:20251122T192239Z
UID:20210217_nmd90sj1qcnj6gsg91tpg0j0ao@google.com
CLASS:PUBLIC
CREATED:20240530T081905Z
LAST-MODIFIED:20240530T081905Z
SEQUENCE:0
STATUS:CONFIRMED
SUMMARY:Ash Wednesday
TRANSP:TRANSPARENT
END:VEVENT
BEGIN:VEVENT
DTSTART;VALUE=DATE:20210403
DTEND;VALUE=DATE:20210404
DTSTAMP:20251122T192239Z
UID:20210403_bfu4jj29kcdud5f4ls3igamt38@google.com
CLASS:PUBLIC
CREATED:20240530T081905Z
LAST-MODIFIED:20240530T081905Z
SEQUENCE:0
STATUS:CONFIRMED
SUMMARY:Holy Saturday
TRANSP:TRANSPARENT
END:VEVENT
BEGIN:VEVENT
DTSTART;VALUE=DATE:20210815
DTEND;VALUE=DATE:20210816
DTSTAMP:20251122T192239Z
UID:20210815_gl33auvv1ett2ucp1du9hillvg@google.com
CLASS:PUBLIC
CREATED:20240530T081905Z
LAST-MODIFIED:20240530T081905Z
SEQUENCE:0
STATUS:CONFIRMED
SUMMARY:Assumption of Mary
TRANSP:TRANSPARENT
END:VEVENT
BEGIN:VEVENT
DTSTART;VALUE=DATE:20211102
DTEND;VALUE=DATE:20211103
DTSTAMP:20251122T192239Z
UID:20211102_7uil0lumjsfjov63m7kkeg7mfo@google.com
CLASS:PUBLIC
CREATED:20240530T081905Z
LAST-MODIFIED:20240530T081905Z
SEQUENCE:0
STATUS:CONFIRMED
SUMMARY:All Souls' Day
TRANSP:TRANSPARENT
END:VEVENT
BEGIN:VEVENT
DTSTART;VALUE=DATE:20211128
DTEND;VALUE=DATE:20211129
DTSTAMP:20251122T192239Z
UID:20211128_0m8uidlle2tg65demuqud1m234@google.com
CLASS:PUBLIC
CREATED:20240530T081905Z
LAST-MODIFIED:20240530T081905Z
SEQUENCE:0
STATUS:CONFIRMED
SUMMARY:First Sunday of Advent
TRANSP:TRANSPARENT
END:VEVENT
BEGIN:VEVENT
DTSTART;VALUE=DATE:20220302
DTEND;VALUE=DATE:20220303
DTSTAMP:20251122T192239Z
UID:20220302_qqjkdpevjoa4kt1j0ovnk34sf0@google.com
CLASS:PUBLIC
CREATED:20240530T081905Z
LAST-MODIFIED:20240530T081905Z
SEQUENCE:0
STATUS:CONFIRMED
SUMMARY:Ash Wednesday
TRANSP:TRANSPARENT
END:VEVENT
BEGIN:VEVENT
DTSTART;VALUE=DATE:20220414
DTEND;VALUE=DATE:20220415
DTSTAMP:20251122T192239Z
UID:20220414_jrvi444uf0f02ev5vc00qdsnp0@google.com
CLASS:PUBLIC
CREATED:20240530T081905Z
LAST-MODIFIED:20240530T081905Z
SEQUENCE:0
STATUS:CONFIRMED
SUMMARY:Maundy Thursday
TRANSP:TRANSPARENT
END:VEVENT
BEGIN:VEVENT
DTSTART;VALUE=DATE:20220417
DTEND;VALUE=DATE:20220418
DTSTAMP:20251122T192239Z
UID:20220417_uujapmn7c2b0fu81j9bq2373mo@google.com
CLASS:PUBLIC
CREATED:20240530T081905Z
LAST-MODIFIED:20240530T081905Z
SEQUENCE:0
STATUS:CONFIRMED
SUMMARY:Easter Sunday
TRANSP:TRANSPARENT
END:VEVENT
BEGIN:VEVENT
DTSTART;VALUE=DATE:20220606
DTEND;VALUE=DATE:20220607
DTSTAMP:20251122T192239Z
UID:20220606_iulepakrkvap6ordevnqnfov90@google.com
CLASS:PUBLIC
CREATED:20240530T081905Z
LAST-MODIFIED:20240530T081905Z
SEQUENCE:0
STATUS:CONFIRMED
SUMMARY:Whit Monday
TRANSP:TRANSPARENT
END:VEVENT
BEGIN:VEVENT
DTSTART;VALUE=DATE:20220612
DTEND;VALUE=DATE:20220613
DTSTAMP:20251122T192239Z
UID:20220612_ibn2unb9gti30lo13em22dev5c@google.com
CLASS:PUBLIC
CREATED:20240530T081905Z
LAST-MODIFIED:20240530T081905Z
SEQUENCE:0
STATUS:CONFIRMED
SUMMARY:Trinity Sunday
TRANSP:TRANSPARENT
END:VEVENT
BEGIN:VEVENT
DTSTART;VALUE=DATE:20221101
DTEND;VALUE=DATE:20221102
DTSTAMP:20251122T192239Z
UID:20221101_elrbg9mmps80ue3peeh2bstlmc@google.com
CLASS:PUBLIC
CREATED:20240530T081905Z
LAST-MODIFIED:20240530T081905Z
SEQUENCE:0
STATUS:CONFIRMED
SUMMARY:All Saints' Day
TRANSP:TRANSPARENT
END:VEVENT
BEGIN:VEVENT
DTSTART;VALUE=DATE:20230221
DTEND;VALUE=DATE:20230222
DTSTAMP:20251122T192239Z
UID:20230221_p8dl2eh4je7ps8ol2vjmdvhh18@google.com
CLASS:PUBLIC
CREATED:20240530T081905Z
LAST-MODIFIED:20240530T081905Z
SEQUENCE:0
STATUS:CONFIRMED
SUMMARY:Shrove Tuesday/Mardi Gras
TRANSP:TRANSPARENT
END:VEVENT
BEGIN:VEVENT
DTSTART;VALUE=DATE:20230528
DTEND;VALUE=DATE:20230529
DTSTAMP:20251122T192239Z
UID:20230528_scmpuepfto5sabgakat9gjdv8o@google.com
CLASS:PUBLIC
CREATED:20240530T081905Z
LAST-MODIFIED:20240530T081905Z
SEQUENCE:0
STATUS:CONFIRMED
SUMMARY:Pentecost
TRANSP:TRANSPARENT
END:VEVENT
BEGIN:VEVENT
DTSTART;VALUE=DATE:20230529
DTEND;VALUE=DATE:20230530
DTSTAMP:20251122T192239Z
UID:20230529_p3flq20ft0vd6omlae545m3uqg@google.com
CLASS:PUBLIC
CREATED:20240530T081905Z
LAST-MODIFIED:20240530T081905Z
SEQUENCE:0
STATUS:CONFIRMED
SUMMARY:Whit Monday
TRANSP:TRANSPARENT
END:VEVENT
BEGIN:VEVENT
DTSTART;VALUE=DATE:20230608
DTEND;VALUE=DATE:20230609
DTSTAMP:20251122T192239Z
UID:20230608_ebsq89nhl485hq1o4ms45rhm7s@google.com
CLASS:PUBLIC
CREATED:20240530T081905Z
LAST-MODIFIED:20240530T081905Z
SEQUENCE:0
STATUS:CONFIRMED
SUMMARY:Corpus Christi
TRANSP:TRANSPARENT
END:VEVENT
BEGIN:VEVENT
DTSTART;VALUE=DATE:20231225
DTEND;VALUE=DATE:20231226
DTSTAMP:20251122T192239Z
UID:20231225_92hqgqs450d1d0f9oop64nmka8@google.com
CLASS:PUBLIC
CREATED:20240530T081905Z
LAST-MODIFIED:20240530T081905Z
SEQUENCE:0
STATUS:CONFIRMED
SUMMARY:Christmas Day
TRANSP:TRANSPARENT
END:VEVENT
BEGIN:VEVENT
DTSTART;VALUE=DATE:20240330
DTEND;VALUE=DATE:20240331
DTSTAMP:20251122T192239Z
UID:20240330_gkjhsej3t55kiarpd0i234h7js@google.com
CLASS:PUBLIC
CREATED:20240530T081905Z
LAST-MODIFIED:20240530T081905Z
SEQUENCE:0
STATUS:CONFIRMED
SUMMARY:Holy Saturday
TRANSP:TRANSPARENT
END:VEVENT
BEGIN:VEVENT
DTSTART;VALUE=DATE:20240815
DTEND;VALUE=DATE:20240816
DTSTAMP:20251122T192239Z
UID:20240815_0ebporda5fof4spgs5gklpdn1o@google.com
CLASS:PUBLIC
CREATED:20240530T081905Z
LAST-MODIFIED:20240530T081905Z
SEQUENCE:0
STATUS:CONFIRMED
SUMMARY:Assumption of Mary
TRANSP:TRANSPARENT
END:VEVENT
BEGIN:VEVENT
DTSTART;VALUE=DATE:20250301
DTEND;VALUE=DATE:20250302
DTSTAMP:20251122T192239Z
UID:20250301_pdcus4hg1h4qric4sjsv2elcik@google.com
CLASS:PUBLIC
CREATED:20240530T081905Z
LAST-MODIFIED:20240530T081905Z
SEQUENCE:0
STATUS:CONFIRMED
SUMMARY:St. David's Day
TRANSP:TRANSPARENT
END:VEVENT
BEGIN:VEVENT
DTSTART;VALUE=DATE:20251208
DTEND;VALUE=DATE:20251209
DTSTAMP:20251122T192239Z
UID:20251208_3hk1jhvih0vh5m0t1h3bndejdg@google.com
CLASS:PUBLIC
CREATED:20240530T081905Z
LAST-MODIFIED:20240530T081905Z
SEQUENCE:0
STATUS:CONFIRMED
SUMMARY:Feast of the Immaculate Conception
TRANSP:TRANSPARENT
END:VEVENT
BEGIN:VEVENT
DTSTART;VALUE=DATE:20260106
DTEND;VALUE=DATE:20260107
DTSTAMP:20251122T192239Z
UID:20260106_tes97lr0u5b1tg5bngg8dlfbro@google.com
CLASS:PUBLIC
CREATED:20240530T081905Z
LAST-MODIFIED:20240530T081905Z
SEQUENCE:0
STATUS:CONFIRMED
SUMMARY:Epiphany
TRANSP:TRANSPARENT
END:VEVENT
BEGIN:VEVENT
DTSTART;VALUE=DATE:20260218
DTEND;VALUE=DATE:20260219
DTSTAMP:20251122T192239Z
UID:20260218_c1oujj5n0usos3nkglod99ukns@google.com
CLASS:PUBLIC
CREATED:20240530T081905Z
LAST-MODIFIED:20240530T081905Z
SEQUENCE:0
STATUS:CONFIRMED
SUMMARY:Ash Wednesday
TRANSP:TRANSPARENT
END:VEVENT
BEGIN:VEVENT
DTSTART;VALUE=DATE:20260402
DTEND;VALUE=DATE:20260403
DTSTAMP:20251122T192239Z
UID:20260402_d52h5n58a6vr5hret3tkn4mnfg@google.com
CLASS:PUBLIC
CREATED:20240530T081905Z
LAST-MODIFIED:20240530T081905Z
SEQUENCE:0
STATUS:CONFIRMED
SUMMARY:Maundy Thursday
TRANSP:TRANSPARENT
END:VEVENT
BEGIN:VEVENT
DTSTART;VALUE=DATE:20260403
DTEND;VALUE=DATE:20260404
DTSTAMP:20251122T192239Z
UID:20260403_iv55umpk71kfqmt0g6uhhitcg0@google.com
CLASS:PUBLIC
CREATED:20240530T081905Z
LAST-MODIFIED:20240530T081905Z
SEQUENCE:0
STATUS:CONFIRMED
SUMMARY:Good Friday
TRANSP:TRANSPARENT
END:VEVENT
BEGIN:VEVENT
DTSTART;VALUE=DATE:20260406
DTEND;VALUE=DATE:20260407
DTSTAMP:20251122T192239Z
UID:20260406_6dr8kbs70tea4ckc274clbfdgk@google.com
CLASS:PUBLIC
CREATED:20240530T081905Z
LAST-MODIFIED:20240530T081905Z
SEQUENCE:0
STATUS:CONFIRMED
SUMMARY:Easter Monday
TRANSP:TRANSPARENT
END:VEVENT
BEGIN:VEVENT
DTSTART;VALUE=DATE:20261212
DTEND;VALUE=DATE:20261213
DTSTAMP:20251122T192239Z
UID:20261212_ue8658m56jiugl6em4nhk5251s@google.com
CLASS:PUBLIC
CREATED:20240530T081905Z
LAST-MODIFIED:20240530T081905Z
SEQUENCE:0
STATUS:CONFIRMED
SUMMARY:Feast of Our Lady of Guadalupe
TRANSP:TRANSPARENT
END:VEVENT
BEGIN:VEVENT
DTSTART;VALUE=DATE:20270301
DTEND;VALUE=DATE:20270302
DTSTAMP:20251122T192239Z
UID:20270301_k9f3elprvcv5unoeo109ortuv8@google.com
CLASS:PUBLIC
CREATED:20240530T081905Z
LAST-MODIFIED:20240530T081905Z
SEQUENCE:0
STATUS:CONFIRMED
SUMMARY:St. David's Day
TRANSP:TRANSPARENT
END:VEVENT
BEGIN:VEVENT
DTSTART;VALUE=DATE:20271208
DTEND;VALUE=DATE:20271209
DTSTAMP:20251122T192239Z
UID:20271208_k45n46p2bkpjtkkib787f4t6vs@google.com
CLASS:PUBLIC
CREATED:20240530T081905Z
LAST-MODIFIED:20240530T081905Z
SEQUENCE:0
STATUS:CONFIRMED
SUMMARY:Feast of the Immaculate Conception
TRANSP:TRANSPARENT
END:VEVENT
BEGIN:VEVENT
DTSTART;VALUE=DATE:20280301
DTEND;VALUE=DATE:20280302
DTSTAMP:20251122T192239Z
UID:20280301_vp9q8e42bl077drfqr3vuq5s84@google.com
CLASS:PUBLIC
CREATED:20240530T081905Z
LAST-MODIFIED:20240530T081905Z
SEQUENCE:0
STATUS:CONFIRMED
SUMMARY:Ash Wednesday
TRANSP:TRANSPARENT
END:VEVENT
BEGIN:VEVENT
DTSTART;VALUE=DATE:20280413
DTEND;VALUE=DATE:20280414
DTSTAMP:20251122T192239Z
UID:20280413_fckci17v3ua9c1rdcegjqm1o50@google.com
CLASS:PUBLIC
CREATED:20240530T081905Z
LAST-MODIFIED:20240530T081905Z
SEQUENCE:0
STATUS:CONFIRMED
SUMMARY:Maundy Thursday
TRANSP:TRANSPARENT
END:VEVENT
BEGIN:VEVENT
DTSTART;VALUE=DATE:20280604
DTEND;VALUE=DATE:20280605
DTSTAMP:20251122T192239Z
UID:20280604_re6om2a5khkvg9i3cn5innljq4@google.com
CLASS:PUBLIC
CREATED:20240530T081905Z
LAST-MODIFIED:20240530T081905Z
SEQUENCE:0
STATUS:CONFIRMED
SUMMARY:Pentecost
TRANSP:TRANSPARENT
END:VEVENT
BEGIN:VEVENT
DTSTART;VALUE=DATE:20281212
DTEND;VALUE=DATE:20281213
DTSTAMP:20251122T192239Z
UID:20281212_pgl6co4989epk9cl9u31g04eo0@google.com
CLASS:PUBLIC
CREATED:20240530T081905Z
LAST-MODIFIED:20240530T081905Z
SEQUENCE:0
STATUS:CONFIRMED
SUMMARY:Feast of Our Lady of Guadalupe
TRANSP:TRANSPARENT
END:VEVENT
BEGIN:VEVENT
DTSTART;VALUE=DATE:20290106
DTEND;VALUE=DATE:20290107
DTSTAMP:20251122T192239Z
UID:20290106_3v2ha32v1iebd2n6ja2s7ugqhs@google.com
CLASS:PUBLIC
CREATED:20240530T081905Z
LAST-MODIFIED:20240530T081905Z
SEQUENCE:0
STATUS:CONFIRMED
SUMMARY:Epiphany
TRANSP:TRANSPARENT
END:VEVENT
BEGIN:VEVENT
DTSTART;VALUE=DATE:20290329
DTEND;VALUE=DATE:20290330
DTSTAMP:20251122T192239Z
UID:20290329_sf7fg1supole1lul604b2586do@google.com
CLASS:PUBLIC
CREATED:20240530T081905Z
LAST-MODIFIED:20240530T081905Z
SEQUENCE:0
STATUS:CONFIRMED
SUMMARY:Maundy Thursday
TRANSP:TRANSPARENT
END:VEVENT
BEGIN:VEVENT
DTSTART;VALUE=DATE:20290331
DTEND;VALUE=DATE:20290401
DTSTAMP:20251122T192239Z
UID:20290331_glg9d7g82menhrfea79cs77hes@google.com
CLASS:PUBLIC
CREATED:20240530T081905Z
LAST-MODIFIED:20240530T081905Z
SEQUENCE:0
STATUS:CONFIRMED
SUMMARY:Holy Saturday
TRANSP:TRANSPARENT
END:VEVENT
BEGIN:VEVENT
DTSTART;VALUE=DATE:20291101
DTEND;VALUE=DATE:20291102
DTSTAMP:20251122T192239Z
UID:20291101_h1sc2o0d0m9f1b60s2n0n1alu8@google.com
CLASS:PUBLIC
CREATED:20240530T081905Z
LAST-MODIFIED:20240530T081905Z
SEQUENCE:0
STATUS:CONFIRMED
SUMMARY:All Saints' Day
TRANSP:TRANSPARENT
END:VEVENT
BEGIN:VEVENT
DTSTART;VALUE=DATE:20200412
DTEND;VALUE=DATE:20200413
DTSTAMP:20251122T192239Z
UID:20200412_tolg574jm75ltgcma8ali7iuc4@google.com
CLASS:PUBLIC
CREATED:20240530T081929Z
LAST-MODIFIED:20240530T081929Z
SEQUENCE:0
STATUS:CONFIRMED
SUMMARY:Easter Sunday
TRANSP:TRANSPARENT
END:VEVENT
BEGIN:VEVENT
DTSTART;VALUE=DATE:20201212
DTEND;VALUE=DATE:20201213
DTSTAMP:20251122T192239Z
UID:20201212_a6mktnfk57ithr8d607l1ag5ro@google.com
CLASS:PUBLIC
CREATED:20240530T081929Z
LAST-MODIFIED:20240530T081929Z
SEQUENCE:0
STATUS:CONFIRMED
SUMMARY:Feast of Our Lady of Guadalupe
TRANSP:TRANSPARENT
END:VEVENT
BEGIN:VEVENT
DTSTART;VALUE=DATE:20201225
DTEND;VALUE=DATE:20201226
DTSTAMP:20251122T192239Z
UID:20201225_nnta5hu64se3s52qde3u4s2km8@google.com
CLASS:PUBLIC
CREATED:20240530T081929Z
LAST-MODIFIED:20240530T081929Z
SEQUENCE:0
STATUS:CONFIRMED
SUMMARY:Christmas Day
TRANSP:TRANSPARENT
END:VEVENT
BEGIN:VEVENT
DTSTART;VALUE=DATE:20210301
DTEND;VALUE=DATE:20210302
DTSTAMP:20251122T192239Z
UID:20210301_tk8vf84iuuvh7q9m2eep9fgln8@google.com
CLASS:PUBLIC
CREATED:20240530T081929Z
LAST-MODIFIED:20240530T081929Z
SEQUENCE:0
STATUS:CONFIRMED
SUMMARY:St. David's Day
TRANSP:TRANSPARENT
END:VEVENT
BEGIN:VEVENT
DTSTART;VALUE=DATE:20210523
DTEND;VALUE=DATE:20210524
DTSTAMP:20251122T192239Z
UID:20210523_6k73v0bnkd9hopihvvmaocb3m0@google.com
CLASS:PUBLIC
CREATED:20240530T081929Z
LAST-MODIFIED:20240530T081929Z
SEQUENCE:0
STATUS:CONFIRMED
SUMMARY:Pentecost
TRANSP:TRANSPARENT
END:VEVENT
BEGIN:VEVENT
DTSTART;VALUE=DATE:20210530
DTEND;VALUE=DATE:20210531
DTSTAMP:20251122T192239Z
UID:20210530_6qvf1jnkmp1gd55kv5fm2kdli4@google.com
CLASS:PUBLIC
CREATED:20240530T081929Z
LAST-MODIFIED:20240530T081929Z
SEQUENCE:0
STATUS:CONFIRMED
SUMMARY:Trinity Sunday
TRANSP:TRANSPARENT
END:VEVENT
BEGIN:VEVENT
DTSTART;VALUE=DATE:20211208
DTEND;VALUE=DATE:20211209
DTSTAMP:20251122T192239Z
UID:20211208_dsnu7i6rk9fvvv0a2fdmbtssf8@google.com
CLASS:PUBLIC
CREATED:20240530T081929Z
LAST-MODIFIED:20240530T081929Z
SEQUENCE:0
STATUS:CONFIRMED
SUMMARY:Feast of the Immaculate Conception
TRANSP:TRANSPARENT
END:VEVENT
BEGIN:VEVENT
DTSTART;VALUE=DATE:20211224
DTEND;VALUE=DATE:20211225
DTSTAMP:20251122T192239Z
UID:20211224_sdm76gdiidkkn4h1r4i2kvltis@google.com
CLASS:PUBLIC
CREATED:20240530T081929Z
LAST-MODIFIED:20240530T081929Z
SEQUENCE:0
STATUS:CONFIRMED
SUMMARY:Christmas Eve
TRANSP:TRANSPARENT
END:VEVENT
BEGIN:VEVENT
DTSTART;VALUE=DATE:20211225
DTEND;VALUE=DATE:20211226
DTSTAMP:20251122T192239Z
UID:20211225_if0gbuofu6ej954bqgfurahfp8@google.com
CLASS:PUBLIC
CREATED:20240530T081929Z
LAST-MODIFIED:20240530T081929Z
SEQUENCE:0
STATUS:CONFIRMED
SUMMARY:Christmas Day
TRANSP:TRANSPARENT
END:VEVENT
BEGIN:VEVENT
DTSTART;VALUE=DATE:20220815
DTEND;VALUE=DATE:20220816
DTSTAMP:20251122T192239Z
UID:20220815_mpasv6c8vdb488hosdnh6d8oms@google.com
CLASS:PUBLIC
CREATED:20240530T081929Z
LAST-MODIFIED:20240530T081929Z
SEQUENCE:0
STATUS:CONFIRMED
SUMMARY:Assumption of Mary
TRANSP:TRANSPARENT
END:VEVENT
BEGIN:VEVENT
DTSTART;VALUE=DATE:20221208
DTEND;VALUE=DATE:20221209
DTSTAMP:20251122T192239Z
UID:20221208_mro4ct8qik9u9bg1sanmj3ffcs@google.com
CLASS:PUBLIC
CREATED:20240530T081929Z
LAST-MODIFIED:20240530T081929Z
SEQUENCE:0
STATUS:CONFIRMED
SUMMARY:Feast of the Immaculate Conception
TRANSP:TRANSPARENT
END:VEVENT
BEGIN:VEVENT
DTSTART;VALUE=DATE:20240214
DTEND;VALUE=DATE:20240215
DTSTAMP:20251122T192239Z
UID:20240214_7otjsmu765drjtpbrhbnfdti60@google.com
CLASS:PUBLIC
CREATED:20240530T081929Z
LAST-MODIFIED:20240530T081929Z
SEQUENCE:0
STATUS:CONFIRMED
SUMMARY:Ash Wednesday
TRANSP:TRANSPARENT
END:VEVENT
BEGIN:VEVENT
DTSTART;VALUE=DATE:20240519
DTEND;VALUE=DATE:20240520
DTSTAMP:20251122T192239Z
UID:20240519_e7c78ncrirt33q5hdjkoectfrg@google.com
CLASS:PUBLIC
CREATED:20240530T081929Z
LAST-MODIFIED:20240530T081929Z
SEQUENCE:0
STATUS:CONFIRMED
SUMMARY:Pentecost
TRANSP:TRANSPARENT
END:VEVENT
BEGIN:VEVENT
DTSTART;VALUE=DATE:20261004
DTEND;VALUE=DATE:20261005
DTSTAMP:20251122T192239Z
UID:20261004_u0frtuv1m0mtduj7hp690s1rig@google.com
CLASS:PUBLIC
CREATED:20240530T081929Z
LAST-MODIFIED:20240530T081929Z
SEQUENCE:0
STATUS:CONFIRMED
SUMMARY:Feast of St Francis of Assisi
TRANSP:TRANSPARENT
END:VEVENT
BEGIN:VEVENT
DTSTART;VALUE=DATE:20270209
DTEND;VALUE=DATE:20270210
DTSTAMP:20251122T192239Z
UID:20270209_5rp1o019ep0n4ovdua4403sgao@google.com
CLASS:PUBLIC
CREATED:20240530T081929Z
LAST-MODIFIED:20240530T081929Z
SEQUENCE:0
STATUS:CONFIRMED
SUMMARY:Shrove Tuesday/Mardi Gras
TRANSP:TRANSPARENT
END:VEVENT
BEGIN:VEVENT
DTSTART;VALUE=DATE:20270325
DTEND;VALUE=DATE:20270326
DTSTAMP:20251122T192239Z
UID:20270325_tri325n4r1qatqmb4vr2gag7f4@google.com
CLASS:PUBLIC
CREATED:20240530T081929Z
LAST-MODIFIED:20240530T081929Z
SEQUENCE:0
STATUS:CONFIRMED
SUMMARY:Maundy Thursday
TRANSP:TRANSPARENT
END:VEVENT
BEGIN:VEVENT
DTSTART;VALUE=DATE:20270329
DTEND;VALUE=DATE:20270330
DTSTAMP:20251122T192239Z
UID:20270329_7gsnqkqjg7ttpbo2ip4opnrh08@google.com
CLASS:PUBLIC
CREATED:20240530T081929Z
LAST-MODIFIED:20240530T081929Z
SEQUENCE:0
STATUS:CONFIRMED
SUMMARY:Easter Monday
TRANSP:TRANSPARENT
END:VEVENT
BEGIN:VEVENT
DTSTART;VALUE=DATE:20270516
DTEND;VALUE=DATE:20270517
DTSTAMP:20251122T192239Z
UID:20270516_9tjl020end432u7o7hvo289dhs@google.com
CLASS:PUBLIC
CREATED:20240530T081929Z
LAST-MODIFIED:20240530T081929Z
SEQUENCE:0
STATUS:CONFIRMED
SUMMARY:Pentecost
TRANSP:TRANSPARENT
END:VEVENT
BEGIN:VEVENT
DTSTART;VALUE=DATE:20270527
DTEND;VALUE=DATE:20270528
DTSTAMP:20251122T192239Z
UID:20270527_hbiqs24abpqq1ghlnsl32td7hg@google.com
CLASS:PUBLIC
CREATED:20240530T081929Z
LAST-MODIFIED:20240530T081929Z
SEQUENCE:0
STATUS:CONFIRMED
SUMMARY:Corpus Christi
TRANSP:TRANSPARENT
END:VEVENT
BEGIN:VEVENT
DTSTART;VALUE=DATE:20271224
DTEND;VALUE=DATE:20271225
DTSTAMP:20251122T192239Z
UID:20271224_linch2947pt7ekv638orjfb2p8@google.com
CLASS:PUBLIC
CREATED:20240530T081929Z
LAST-MODIFIED:20240530T081929Z
SEQUENCE:0
STATUS:CONFIRMED
SUMMARY:Christmas Eve
TRANSP:TRANSPARENT
END:VEVENT
BEGIN:VEVENT
DTSTART;VALUE=DATE:20280317
DTEND;VALUE=DATE:20280318
DTSTAMP:20251122T192239Z
UID:20280317_92f34d1bbqdm1fjrufbg35p9n8@google.com
CLASS:PUBLIC
CREATED:20240530T081929Z
LAST-MODIFIED:20240530T081929Z
SEQUENCE:0
STATUS:CONFIRMED
SUMMARY:St. Patrick's Day
TRANSP:TRANSPARENT
END:VEVENT
BEGIN:VEVENT
DTSTART;VALUE=DATE:20280605
DTEND;VALUE=DATE:20280606
DTSTAMP:20251122T192239Z
UID:20280605_moono27bfkrfloaovdpj9vj9bc@google.com
CLASS:PUBLIC
CREATED:20240530T081929Z
LAST-MODIFIED:20240530T081929Z
SEQUENCE:0
STATUS:CONFIRMED
SUMMARY:Whit Monday
TRANSP:TRANSPARENT
END:VEVENT
BEGIN:VEVENT
DTSTART;VALUE=DATE:20281101
DTEND;VALUE=DATE:20281102
DTSTAMP:20251122T192239Z
UID:20281101_5mf2lc2qlo0vphc2ad0nrtjur0@google.com
CLASS:PUBLIC
CREATED:20240530T081929Z
LAST-MODIFIED:20240530T081929Z
SEQUENCE:0
STATUS:CONFIRMED
SUMMARY:All Saints' Day
TRANSP:TRANSPARENT
END:VEVENT
BEGIN:VEVENT
DTSTART;VALUE=DATE:20281224
DTEND;VALUE=DATE:20281225
DTSTAMP:20251122T192239Z
UID:20281224_r3opp3qbmeoqhoc3ftdaa68hl8@google.com
CLASS:PUBLIC
CREATED:20240530T081929Z
LAST-MODIFIED:20240530T081929Z
SEQUENCE:0
STATUS:CONFIRMED
SUMMARY:Christmas Eve
TRANSP:TRANSPARENT
END:VEVENT
BEGIN:VEVENT
DTSTART;VALUE=DATE:20290325
DTEND;VALUE=DATE:20290326
DTSTAMP:20251122T192239Z
UID:20290325_dpdn9crtqv74637hkfjgckqq44@google.com
CLASS:PUBLIC
CREATED:20240530T081929Z
LAST-MODIFIED:20240530T081929Z
SEQUENCE:0
STATUS:CONFIRMED
SUMMARY:Palm Sunday
TRANSP:TRANSPARENT
END:VEVENT
BEGIN:VEVENT
DTSTART;VALUE=DATE:20290520
DTEND;VALUE=DATE:20290521
DTSTAMP:20251122T192239Z
UID:20290520_lk253sf2j9fdihlpr3ith0icjo@google.com
CLASS:PUBLIC
CREATED:20240530T081929Z
LAST-MODIFIED:20240530T081929Z
SEQUENCE:0
STATUS:CONFIRMED
SUMMARY:Pentecost
TRANSP:TRANSPARENT
END:VEVENT
BEGIN:VEVENT
DTSTART;VALUE=DATE:20290531
DTEND;VALUE=DATE:20290601
DTSTAMP:20251122T192239Z
UID:20290531_klfp5ma52taoqnt7jh20b5l1fc@google.com
CLASS:PUBLIC
CREATED:20240530T081929Z
LAST-MODIFIED:20240530T081929Z
SEQUENCE:0
STATUS:CONFIRMED
SUMMARY:Corpus Christi
TRANSP:TRANSPARENT
END:VEVENT
BEGIN:VEVENT
DTSTART;VALUE=DATE:20291208
DTEND;VALUE=DATE:20291209
DTSTAMP:20251122T192239Z
UID:20291208_k01aqc45jq3tn1oq3r52rlolv0@google.com
CLASS:PUBLIC
CREATED:20240530T081929Z
LAST-MODIFIED:20240530T081929Z
SEQUENCE:0
STATUS:CONFIRMED
SUMMARY:Feast of the Immaculate Conception
TRANSP:TRANSPARENT
END:VEVENT
BEGIN:VEVENT
DTSTART;VALUE=DATE:20300106
DTEND;VALUE=DATE:20300107
DTSTAMP:20251122T192239Z
UID:20300106_jcr8asd0ea6moi8ar6oo0lqdlo@google.com
CLASS:PUBLIC
CREATED:20250101T150232Z
LAST-MODIFIED:20250101T150232Z
SEQUENCE:0
STATUS:CONFIRMED
SUMMARY:Epiphany
TRANSP:TRANSPARENT
END:VEVENT
BEGIN:VEVENT
DTSTART;VALUE=DATE:20300301
DTEND;VALUE=DATE:20300302
DTSTAMP:20251122T192239Z
UID:20300301_17rffng3pq71amquv0klad8eb0@google.com
CLASS:PUBLIC
CREATED:20250101T150232Z
LAST-MODIFIED:20250101T150232Z
SEQUENCE:0
STATUS:CONFIRMED
SUMMARY:St. David's Day
TRANSP:TRANSPARENT
END:VEVENT
BEGIN:VEVENT
DTSTART;VALUE=DATE:20300305
DTEND;VALUE=DATE:20300306
DTSTAMP:20251122T192239Z
UID:20300305_cqabon55kps7dq9cf250gmi3rc@google.com
CLASS:PUBLIC
CREATED:20250101T150232Z
LAST-MODIFIED:20250101T150232Z
SEQUENCE:0
STATUS:CONFIRMED
SUMMARY:Shrove Tuesday/Mardi Gras
TRANSP:TRANSPARENT
END:VEVENT
BEGIN:VEVENT
DTSTART;VALUE=DATE:20300306
DTEND;VALUE=DATE:20300307
DTSTAMP:20251122T192239Z
UID:20300306_b0qmaggqklm2apjcheelfkbids@google.com
CLASS:PUBLIC
CREATED:20250101T150232Z
LAST-MODIFIED:20250101T150232Z
SEQUENCE:0
STATUS:CONFIRMED
SUMMARY:Ash Wednesday
TRANSP:TRANSPARENT
END:VEVENT
BEGIN:VEVENT
DTSTART;VALUE=DATE:20300317
DTEND;VALUE=DATE:20300318
DTSTAMP:20251122T192239Z
UID:20300317_ioasdt5b6epmh1oeqt0885gov4@google.com
CLASS:PUBLIC
CREATED:20250101T150232Z
LAST-MODIFIED:20250101T150232Z
SEQUENCE:0
STATUS:CONFIRMED
SUMMARY:St. Patrick's Day
TRANSP:TRANSPARENT
END:VEVENT
BEGIN:VEVENT
DTSTART;VALUE=DATE:20300414
DTEND;VALUE=DATE:20300415
DTSTAMP:20251122T192239Z
UID:20300414_i1mo8jn2d0grallsrpqin50lo4@google.com
CLASS:PUBLIC
CREATED:20250101T150232Z
LAST-MODIFIED:20250101T150232Z
SEQUENCE:0
STATUS:CONFIRMED
SUMMARY:Palm Sunday
TRANSP:TRANSPARENT
END:VEVENT
BEGIN:VEVENT
DTSTART;VALUE=DATE:20300418
DTEND;VALUE=DATE:20300419
DTSTAMP:20251122T192239Z
UID:20300418_3q2j8tclpkorhssvkerso190ec@google.com
CLASS:PUBLIC
CREATED:20250101T150232Z
LAST-MODIFIED:20250101T150232Z
SEQUENCE:0
STATUS:CONFIRMED
SUMMARY:Maundy Thursday
TRANSP:TRANSPARENT
END:VEVENT
BEGIN:VEVENT
DTSTART;VALUE=DATE:20300419
DTEND;VALUE=DATE:20300420
DTSTAMP:20251122T192239Z
UID:20300419_lfhlu3krt4k6c074a0nhu8dlp4@google.com
CLASS:PUBLIC
CREATED:20250101T150232Z
LAST-MODIFIED:20250101T150232Z
SEQUENCE:0
STATUS:CONFIRMED
SUMMARY:Good Friday
TRANSP:TRANSPARENT
END:VEVENT
BEGIN:VEVENT
DTSTART;VALUE=DATE:20300420
DTEND;VALUE=DATE:20300421
DTSTAMP:20251122T192239Z
UID:20300420_4fs85qaeciff7g9o6saqn4f4tc@google.com
CLASS:PUBLIC
CREATED:20250101T150232Z
LAST-MODIFIED:20250101T150232Z
SEQUENCE:0
STATUS:CONFIRMED
SUMMARY:Holy Saturday
TRANSP:TRANSPARENT
END:VEVENT
BEGIN:VEVENT
DTSTART;VALUE=DATE:20300421
DTEND;VALUE=DATE:20300422
DTSTAMP:20251122T192239Z
UID:20300421_nsgvu1c2n629s2h2kjer26dkt4@google.com
CLASS:PUBLIC
CREATED:20250101T150232Z
LAST-MODIFIED:20250101T150232Z
SEQUENCE:0
STATUS:CONFIRMED
SUMMARY:Easter Sunday
TRANSP:TRANSPARENT
END:VEVENT
BEGIN:VEVENT
DTSTART;VALUE=DATE:20300422
DTEND;VALUE=DATE:20300423
DTSTAMP:20251122T192239Z
UID:20300422_jrati33e50lmcid9hbitgl6iqg@google.com
CLASS:PUBLIC
CREATED:20250101T150232Z
LAST-MODIFIED:20250101T150232Z
SEQUENCE:0
STATUS:CONFIRMED
SUMMARY:Easter Monday
TRANSP:TRANSPARENT
END:VEVENT
BEGIN:VEVENT
DTSTART;VALUE=DATE:20300530
DTEND;VALUE=DATE:20300531
DTSTAMP:20251122T192239Z
UID:20300530_vu309mj6ocl2drqiqaphnhogfs@google.com
CLASS:PUBLIC
CREATED:20250101T150232Z
LAST-MODIFIED:20250101T150232Z
SEQUENCE:0
STATUS:CONFIRMED
SUMMARY:Ascension Day
TRANSP:TRANSPARENT
END:VEVENT
BEGIN:VEVENT
DTSTART;VALUE=DATE:20300609
DTEND;VALUE=DATE:20300610
DTSTAMP:20251122T192239Z
UID:20300609_ibshg4ubpalf3d1fqcj0folkbk@google.com
CLASS:PUBLIC
CREATED:20250101T150232Z
LAST-MODIFIED:20250101T150232Z
SEQUENCE:0
STATUS:CONFIRMED
SUMMARY:Pentecost
TRANSP:TRANSPARENT
END:VEVENT
BEGIN:VEVENT
DTSTART;VALUE=DATE:20300610
DTEND;VALUE=DATE:20300611
DTSTAMP:20251122T192239Z
UID:20300610_d8379j4r4behmg6uujl3di0p4c@google.com
CLASS:PUBLIC
CREATED:20250101T150232Z
LAST-MODIFIED:20250101T150232Z
SEQUENCE:0
STATUS:CONFIRMED
SUMMARY:Whit Monday
TRANSP:TRANSPARENT
END:VEVENT
BEGIN:VEVENT
DTSTART;VALUE=DATE:20300616
DTEND;VALUE=DATE:20300617
DTSTAMP:20251122T192239Z
UID:20300616_qt4febce04mabhs43eusflpdas@google.com
CLASS:PUBLIC
CREATED:20250101T150232Z
LAST-MODIFIED:20250101T150232Z
SEQUENCE:0
STATUS:CONFIRMED
SUMMARY:Trinity Sunday
TRANSP:TRANSPARENT
END:VEVENT
BEGIN:VEVENT
DTSTART;VALUE=DATE:20300620
DTEND;VALUE=DATE:20300621
DTSTAMP:20251122T192239Z
UID:20300620_u8892bntig0tu5qrubljankago@google.com
CLASS:PUBLIC
CREATED:20250101T150232Z
LAST-MODIFIED:20250101T150232Z
SEQUENCE:0
STATUS:CONFIRMED
SUMMARY:Corpus Christi
TRANSP:TRANSPARENT
END:VEVENT
BEGIN:VEVENT
DTSTART;VALUE=DATE:20300815
DTEND;VALUE=DATE:20300816
DTSTAMP:20251122T192239Z
UID:20300815_ao89bj9pgd7hrsh6r0b43886as@google.com
CLASS:PUBLIC
CREATED:20250101T150232Z
LAST-MODIFIED:20250101T150232Z
SEQUENCE:0
STATUS:CONFIRMED
SUMMARY:Assumption of Mary
TRANSP:TRANSPARENT
END:VEVENT
BEGIN:VEVENT
DTSTART;VALUE=DATE:20301004
DTEND;VALUE=DATE:20301005
DTSTAMP:20251122T192239Z
UID:20301004_9pncobmvtrsc0jg2s7dku1h8ag@google.com
CLASS:PUBLIC
CREATED:20250101T150232Z
LAST-MODIFIED:20250101T150232Z
SEQUENCE:0
STATUS:CONFIRMED
SUMMARY:Feast of St Francis of Assisi
TRANSP:TRANSPARENT
END:VEVENT
BEGIN:VEVENT
DTSTART;VALUE=DATE:20301101
DTEND;VALUE=DATE:20301102
DTSTAMP:20251122T192239Z
UID:20301101_hfcr2jkti1bv89huaojreamdlo@google.com
CLASS:PUBLIC
CREATED:20250101T150232Z
LAST-MODIFIED:20250101T150232Z
SEQUENCE:0
STATUS:CONFIRMED
SUMMARY:All Saints' Day
TRANSP:TRANSPARENT
END:VEVENT
BEGIN:VEVENT
DTSTART;VALUE=DATE:20301102
DTEND;VALUE=DATE:20301103
DTSTAMP:20251122T192239Z
UID:20301102_t49sgu62d3dgh9nkjgn0o8gouo@google.com
CLASS:PUBLIC
CREATED:20250101T150232Z
LAST-MODIFIED:20250101T150232Z
SEQUENCE:0
STATUS:CONFIRMED
SUMMARY:All Souls' Day
TRANSP:TRANSPARENT
END:VEVENT
BEGIN:VEVENT
DTSTART;VALUE=DATE:20301201
DTEND;VALUE=DATE:20301202
DTSTAMP:20251122T192239Z
UID:20301201_31mkll80gjavjg60s7ff2c6phg@google.com
CLASS:PUBLIC
CREATED:20250101T150232Z
LAST-MODIFIED:20250101T150232Z
SEQUENCE:0
STATUS:CONFIRMED
SUMMARY:First Sunday of Advent
TRANSP:TRANSPARENT
END:VEVENT
BEGIN:VEVENT
DTSTART;VALUE=DATE:20301209
DTEND;VALUE=DATE:20301210
DTSTAMP:20251122T192239Z
UID:20301209_o9iubh4g0gkok08d8qbbp8lri0@google.com
CLASS:PUBLIC
CREATED:20250101T150232Z
LAST-MODIFIED:20250101T150232Z
SEQUENCE:0
STATUS:CONFIRMED
SUMMARY:Feast of the Immaculate Conception
TRANSP:TRANSPARENT
END:VEVENT
BEGIN:VEVENT
DTSTART;VALUE=DATE:20301212
DTEND;VALUE=DATE:20301213
DTSTAMP:20251122T192239Z
UID:20301212_od2kdfaqaopvkdc13okl5mj9dk@google.com
CLASS:PUBLIC
CREATED:20250101T150232Z
LAST-MODIFIED:20250101T150232Z
SEQUENCE:0
STATUS:CONFIRMED
SUMMARY:Feast of Our Lady of Guadalupe
TRANSP:TRANSPARENT
END:VEVENT
BEGIN:VEVENT
DTSTART;VALUE=DATE:20301224
DTEND;VALUE=DATE:20301225
DTSTAMP:20251122T192239Z
UID:20301224_73ge6d50201dsiovtkemlm587g@google.com
CLASS:PUBLIC
CREATED:20250101T150232Z
LAST-MODIFIED:20250101T150232Z
SEQUENCE:0
STATUS:CONFIRMED
SUMMARY:Christmas Eve
TRANSP:TRANSPARENT
END:VEVENT
BEGIN:VEVENT
DTSTART;VALUE=DATE:20301225
DTEND;VALUE=DATE:20301226
DTSTAMP:20251122T192239Z
UID:20301225_361tc6lfl1d6pp7ihudnmpp624@google.com
CLASS:PUBLIC
CREATED:20250101T150232Z
LAST-MODIFIED:20250101T150232Z
SEQUENCE:0
STATUS:CONFIRMED
SUMMARY:Christmas Day
TRANSP:TRANSPARENT
END:VEVENT
END:VCALENDAR
