Atlanta Hawks - https://calendar.google.com/calendar/embed?src=nba_-m-0jm64_%2541tlanta%2B%2548awks%23sports%40group.v.calendar.google.com&ctz=America%2FSao_Paulo
Boston Celtics - https://calendar.google.com/calendar/embed?src=nba_-m-0bwjj_%2542oston%2B%2543eltics%23sports%40group.v.calendar.google.com&ctz=America%2FSao_Paulo
Chicago Bulls - https://calendar.google.com/calendar/embed?src=nba_-m-0jm74_%2543hicago%2B%2542ulls%23sports%40group.v.calendar.google.com&ctz=America%2FSao_Paulo
Dallas Mavericks - https://calendar.google.com/calendar/embed?src=nba_-m-0jmcv_%2544allas%2B%254davericks%23sports%40group.v.calendar.google.com&ctz=America%2FSao_Paulo
Golden State Warriors - https://calendar.google.com/calendar/embed?src=nba_-m-0jmj7_%2547olden%2B%2553tate%2B%2557arriors%23sports%40group.v.calendar.google.com&ctz=America%2FSao_Paulo
Los Angeles Lakers - https://calendar.google.com/calendar/embed?src=nba_-m-0jmk7_%254cos%2B%2541ngeles%2B%254cakers%23sports%40group.v.calendar.google.com&ctz=America%2FSao_Paulo
Miami Heat - https://calendar.google.com/calendar/embed?src=nba_-m-0jm2v_%254diami%2B%2548eat%23sports%40group.v.calendar.google.com&ctz=America%2FSao_Paulo
New York Knicks - https://calendar.google.com/calendar/embed?src=nba_-m-0jm3v_%254eew%2B%2559ork%2B%254bnicks%23sports%40group.v.calendar.google.com&ctz=America%2FSao_Paulo
Orlando Magic - https://calendar.google.com/calendar/embed?src=nba_-m-0jm4b_%254frlando%2B%254dagic%23sports%40group.v.calendar.google.com&ctz=America%2FSao_Paulo
San Antonio Spurs - https://calendar.google.com/calendar/embed?src=nba_-m-0jmh7_%2553an%2B%2541ntonio%2B%2553purs%23sports%40group.v.calendar.google.com&ctz=America%2FSao_Paulo
NBA (Todos os jogos 2025) - https://calendar.google.com/calendar/ical/880krgfck6c50rlagbrd9s995ieu946f%40import.calendar.google.com/public/basic.ics
UFC - https://calendar.google.com/calendar/ical/mrgq34egfp0nqd7vd74a3gmsloqtl4ck%40import.calendar.google.com/public/basic.ics
Campeonato Brasiliense - https://calendar.google.com/calendar/ical/7jrg2v6qq8if4ra91go0j3mlmf51gbvj%40import.calendar.google.com/public/basic.ics
Fases da Lua - https://calendar.google.com/calendar/ical/ht3jlfaac5lfd6263ulfh4tql8%40group.calendar.google.com/public/basic.ics
Chuvas de Meteoros - https://calendar.google.com/calendar/ical/p3qd6g2it4v0rlirol0fb8ckj3lqh504%40import.calendar.google.com/public/basic.ics
Eventos Relacionados a Planetas - https://calendar.google.com/calendar/ical/jutsa8dnlehoq2ru7fhrdpc1bk3g0jjr%40import.calendar.google.com/public/basic.ics
Lançamento de Foguetes - https://calendar.google.com/calendar/ical/3lrjd2ir6lrne13h5mshn6vcks4ql1e4%40import.calendar.google.com/public/basic.ics
Eventos Históricos - https://calendar.google.com/calendar/ical/2iq5ui8b2o2jdfkkq8ivlg6me4jp5m97%40import.calendar.google.com/public/basic.ics
Curiosidades Históricas - https://calendar.google.com/calendar/ical/r8ert2avgitv6i30tli4j9ki833emrhk%40import.calendar.google.com/public/basic.ics
Estreias de Filmes - https://calendar.google.com/calendar/ical/rv4m3o12v7fm5mlmipjofuua75lnh8kt%40import.calendar.google.com/public/basic.ics
Previsões de Fim do Mundo - https://calendar.google.com/calendar/ical/vnc8t9933kg766le4g7hg4s8m2tfutlh%40import.calendar.google.com/public/basic.ics
Feriados Brasil - https://calendar.google.com/calendar/ical/pt-br.brazilian%23holiday%40group.v.calendar.google.com/public/basic.ics
Feriados Angola - https://calendar.google.com/calendar/ical/pt-br.ao%23holiday%40group.v.calendar.google.com/public/basic.ics
Feriados Benin - https://calendar.google.com/calendar/ical/pt-br.bj%23holiday%40group.v.calendar.google.com/public/basic.ics
Feriados Cabo Verde - https://calendar.google.com/calendar/ical/pt-br.cv%23holiday%40group.v.calendar.google.com/public/basic.ics
Feriados Honduras - https://calendar.google.com/calendar/ical/pt-br.hn%23holiday%40group.v.calendar.google.com/public/basic.ics
Feriados Macau - https://calendar.google.com/calendar/ical/pt-br.mo%23holiday%40group.v.calendar.google.com/public/basic.ics
Feriados Moçambique - https://calendar.google.com/calendar/ical/pt-br.mz%23holiday%40group.v.calendar.google.com/public/basic.ics
Feriados Portugal - https://calendar.google.com/calendar/ical/pt-br.portuguese%23holiday%40group.v.calendar.google.com/public/basic.ics
Feriados Colômbia - https://calendar.google.com/calendar/ical/pt-br.co%23holiday%40group.v.calendar.google.com/public/basic.ics
Feriados Cristãos - https://calendar.google.com/calendar/ical/pt-br.christian%23holiday%40group.v.calendar.google.com/public/basic.ics
Feriados Hinduístas - https://calendar.google.com/calendar/ical/pt-br.hinduism%23holiday%40group.v.calendar.google.com/public/basic.ics
Feriados Judaicos - https://calendar.google.com/calendar/ical/pt-br.judaism%23holiday%40group.v.calendar.google.com/public/basic.ics
Feriados Muçulmanos - https://calendar.google.com/calendar/ical/pt-br.islamic%23holiday%40group.v.calendar.google.com/public/basic.ics
Feriados Cristãos Ortodoxos - https://calendar.google.com/calendar/ical/pt-br.orthodox_christianity%23holiday%40group.v.calendar.google.com/public/basic.ics
